作者:,炼狱人间...,标题:,必须点赞，只为了最后一副画！,点赞：,594,评论,3,标题连接:,https://www.qiushibaike.com/article/121194603
作者:,砸妳家玻...,标题:,《醉翁之意不在酒》二货为了吃朋友家的鸡自带酒水,点赞：,2080,评论,28,标题连接:,https://www.qiushibaike.com/article/121199164
作者:,米娅伦旗...,标题:,嗯，很有道理吧,点赞：,221,评论,3,标题连接:,https://www.qiushibaike.com/article/121154127
作者:,滚滚红尘...,标题:,前段时间投资理财产品，然后人去楼空赔了个精光，想死的心都有了。好几天没怎么吃饭后，后来在路边吃了跟烤肠，特别好吃，觉着还是活着好。就当钱没丢似的活着。,点赞：,1179,评论,32,标题连接:,https://www.qiushibaike.com/article/121174733
作者:,炼狱人间...,标题:,必须点赞，只为了最后一副画！,点赞：,594,评论,3,标题连接:,https://www.qiushibaike.com/article/121194603
作者:,砸妳家玻...,标题:,《醉翁之意不在酒》二货为了吃朋友家的鸡自带酒水,点赞：,2080,评论,28,标题连接:,https://www.qiushibaike.com/article/121199164
作者:,米娅伦旗...,标题:,嗯，很有道理吧,点赞：,221,评论,3,标题连接:,https://www.qiushibaike.com/article/121154127
作者:,滚滚红尘...,标题:,前段时间投资理财产品，然后人去楼空赔了个精光，想死的心都有了。好几天没怎么吃饭后，后来在路边吃了跟烤肠，特别好吃，觉着还是活着好。就当钱没丢似的活着。,点赞：,1179,评论,32,标题连接:,https://www.qiushibaike.com/article/121174733
作者:,炼狱人间...,标题:,必须点赞，只为了最后一副画！,点赞：,594,评论,3,标题连接:,https://www.qiushibaike.com/article/121194603
作者:,砸妳家玻...,标题:,《醉翁之意不在酒》二货为了吃朋友家的鸡自带酒水,点赞：,2080,评论,28,标题连接:,https://www.qiushibaike.com/article/121199164
作者:,米娅伦旗...,标题:,嗯，很有道理吧,点赞：,221,评论,3,标题连接:,https://www.qiushibaike.com/article/121154127
作者:,滚滚红尘...,标题:,前段时间投资理财产品，然后人去楼空赔了个精光，想死的心都有了。好几天没怎么吃饭后，后来在路边吃了跟烤肠，特别好吃，觉着还是活着好。就当钱没丢似的活着。,点赞：,1179,评论,32,标题连接:,https://www.qiushibaike.com/article/121174733
作者:,逗太兔,标题:,这是好好过日子,点赞：,216,评论,,标题连接:,https://www.qiushibaike.com/article/121222916
作者:,黄山小妖,标题:,儿子对我说道：“妈妈，昨天我把姥姥的眼镜片弄碎了，姥姥只是问扎没扎到我的手，今天我不小心把姥姥最心爱的花瓶打碎了，姥姥也一直问我有没有受伤...姥姥总是和蔼可亲,点赞：,1597,评论,26,标题连接:,https://www.qiushibaike.com/article/121211068
作者:,朴八夜,标题:,我终于知道丸子头是用来干嘛的！！！,点赞：,6013,评论,250,标题连接:,https://www.qiushibaike.com/article/121218738
作者:,喵沫⑩陈...,标题:,如果别人占了你的车位,点赞：,519,评论,12,标题连接:,https://www.qiushibaike.com/article/121187400
作者:,日邢一珊,标题:,一本正经的说日语,点赞：,507,评论,9,标题连接:,https://www.qiushibaike.com/article/121224534
作者:,余生都会...,标题:,吃完饭回来，就这样了,点赞：,348,评论,1,标题连接:,https://www.qiushibaike.com/article/121168128
作者:,狐地瓜大...,标题:,朋友一直想纹身，一直没有纹成，问他为什么，是怕疼吗？朋友说：“疼还好说，去问过纹身师傅，没想到纹身那么贵，没舍得…”,点赞：,731,评论,13,标题连接:,https://www.qiushibaike.com/article/121192501
作者:,半根莲藕...,标题:,那些尴尬的囧事,点赞：,273,评论,1,标题连接:,https://www.qiushibaike.com/article/121186869
作者:,东临～天...,标题:,摩的做梦都想不到，干掉他是送外卖的！,点赞：,3987,评论,78,标题连接:,https://www.qiushibaike.com/article/121212645
作者:,婉~儿,标题:,笑死我了,点赞：,253,评论,1,标题连接:,https://www.qiushibaike.com/article/121224581
作者:,东临～天...,标题:,说了你不信，我把自己扔出去好几米……,点赞：,339,评论,4,标题连接:,https://www.qiushibaike.com/article/121195361
作者:,半根莲藕...,标题:,有个奇葩室友的体验。,点赞：,312,评论,2,标题连接:,https://www.qiushibaike.com/article/121164498
作者:,秋雨微凉...,标题:,刚刚给十个月大的儿子换尿布，给他检查屁屁有没有红时，一条便便突然就被推送出来。躲都躲不及，没有一点点防备,点赞：,382,评论,5,标题连接:,https://www.qiushibaike.com/article/121208453
作者:,窝里斗窝...,标题:,那些爆笑雷人的操作！！,点赞：,2.0万,评论,154,标题连接:,https://www.qiushibaike.com/article/121220247
作者:,傻妞也,标题:,第一次见到，瑜伽圈是这样玩的,点赞：,247,评论,,标题连接:,https://www.qiushibaike.com/article/121174269
作者:,调皮的小...,标题:,让世界充满爱,点赞：,358,评论,5,标题连接:,https://www.qiushibaike.com/article/121223532
