http://sports.163.com/19/0112/17/E5BAEN4E00058780.html,约炮|上海申花队,113
http://sports.163.com/19/0112/08/E5ACE2QR00058780.html,中超|权健,6336
http://sports.163.com/19/0109/20/E53T1T5S00058780.html,中超|权健,22800
http://sports.163.com/19/0108/20/E51C2HOQ00058780.html,国安|英冠,620
http://sports.163.com/19/0108/18/E514AEN700058780.html,卡拉斯科|大连一方,25
http://sports.163.com/19/0108/16/E50S77RH00058780.html,传销|律师,1949
http://sports.163.com/19/0107/17/E4UDTPM900058780.html,中国|铁路,670
http://sports.163.com/19/0105/16/E4P6JKCV00058780.html,阿贾克斯|巴西,1078
http://sports.163.com/19/0104/08/E4LND8PD00058780.html,扬尼克·费雷拉·卡拉斯科|法甲,125
http://sports.163.com/19/0104/09/E4LTLQ2R00058780.html,秦升|冬训,6
http://sports.163.com/19/0104/09/E4LSKCPM00058780.html,女足|泰达,29
http://sports.163.com/19/0104/09/E4LR55CO00058780.html,大连一方|舒斯特尔,8
http://sports.163.com/19/0104/08/E4LQAF3800058780.html,舒斯特尔|大连一方,86
http://sports.163.com/19/0104/08/E4LQ3G5300058780.html,女足|中超,205
http://sports.163.com/19/0104/08/E4LNJ7EK00058780.html,约翰·奥比·米克尔|泰达,22
http://sports.163.com/19/0103/13/E4JLSBVL00058780.html,法比奥·卡纳瓦罗|意大利,93
http://sports.163.com/19/0103/09/E4JB9BSE00058780.html,蓝色兰博|恒大队,563
http://sports.163.com/19/0103/08/E4J6RHAO00058780.html,中超|重庆,211
http://sports.163.com/19/0102/14/E4HA42UF00058780.html,犯罪|传销,2765
http://sports.163.com/18/1230/16/E49PCF6100058780.html,埃尔纳内斯|中国,93
http://sports.163.com/18/1229/19/E47GCUL100058780.html,高雷雷|缅甸,695
http://sports.163.com/18/1229/17/E479JMIR00058780.html,吴毅臻|上海申花队,75
http://sports.163.com/18/1229/16/E476BMTR00058780.html,上海申花队|安东尼奥·弗洛雷斯,27
http://sports.163.com/18/1229/16/E47678FA00058780.html,安东尼奥·弗洛雷斯|上海话,161
http://sports.163.com/18/1228/06/E43IMLJJ00058780.html,黄博文|李学鹏,6348
http://sports.163.com/18/1228/07/E43LFBMJ00058780.html,国安|青训,21
http://sports.163.com/18/1227/11/E41F0I8L00058780.html,葡超|葡甲,628
http://sports.163.com/18/1226/14/E3V7EH2F00058780.html,中超|权健,34925
http://sports.163.com/18/1226/09/E3UMH9EG00058780.html,王永珀|神药,2139
http://sports.163.com/18/1226/08/E3UKP61800058780.html,中超|权健,5728
http://sports.163.com/18/1226/08/E3UJVN7F00058780.html,中超|权健,7750
http://sports.163.com/18/1226/22/E404QVFG00058780.html,央视|人民日报,493
http://sports.163.com/18/1226/21/E3VVORI900058780.html,周洋|丁香园,520
http://sports.163.com/18/1226/12/E3UVS6JK00058780.html,丁香|周洋,8414
http://sports.163.com/18/1226/11/E3URT3D700058780.html,中超|束昱辉,1885
http://sports.163.com/18/1226/08/E3UI3JOJ00058780.html,中超|权健,3289
http://sports.163.com/18/1225/19/E3T703LL00058780.html,上海申花队|安东尼奥·弗洛雷斯,70
http://sports.163.com/18/1225/18/E3T1MBGU00058780.html,安东尼奥·弗洛雷斯|上海申花队,991
http://sports.163.com/18/1225/14/E3SJT8G800058780.html,郑智|伊拉克,12791
http://sports.163.com/18/1225/21/E3TCSK7200058780.html,上港|苏宁队,279
http://sports.163.com/18/1225/16/E3ST4VS400058780.html,李霄鹏|鲁能,220
http://sports.163.com/18/1225/15/E3SPJUA300058780.html,酸梅汤|周洋,6290
http://sports.163.com/18/1225/14/E3SKBTL700058780.html,中超|曼联,1233
http://sports.163.com/18/1225/10/E3S7ER7O00058780.html,韩鹏|北京人和,5
http://sports.163.com/18/1225/10/E3S76R8I00058780.html,中超|青训,474
http://sports.163.com/18/1225/08/E3S1983O00058780.html,郭艾伦|赵本山,1729
http://sports.163.com/18/1224/18/E3QG118A00058780.html,上港|上海申花队,3614
http://sports.163.com/18/1224/18/E3QHPSD700058780.html,大长腿|中超,415
http://sports.163.com/18/1223/15/E3NJ161I00058780.html,杨幂|朱骏,4777
http://sports.163.com/18/1223/09/E3MTPNDV00058780.html,卡瓦尼|恒大队,223
http://sports.163.com/18/1223/08/E3MTEKE500058780.html,中超|泰达,1
http://sports.163.com/18/1223/07/E3MOIQ6I00058780.html,足球|中超,1373
http://sports.163.com/18/1222/19/E3LDL2GV00058780.html,李金羽|大婚,4684
http://sports.163.com/18/1222/10/E3KGM3KU00058780.html,埃尔克森|中国足协,854
http://sports.163.com/18/1222/09/E3KDV5T800058780.html,卡瓦尼|法比奥·卡纳瓦罗,3123
http://sports.163.com/18/1222/09/E3KDKUMC00058780.html,放假|黄博文,170
http://sports.163.com/18/1222/09/E3KC9SLK00058780.html,文身|亚历山大·帕托,3323
http://sports.163.com/18/1222/21/E3LL8AC300058780.html,上海德比|恒大队,4050
http://sports.163.com/18/1222/18/E3LA8PC300058780.html,加布里埃尔·瓦尔加|娇妻,526
http://sports.163.com/18/1222/16/E3L68J8J00058780.html,李玮峰|张修维,286
http://sports.163.com/18/1222/16/E3L61LQO00058780.html,中超|足球,315
http://sports.163.com/18/1222/16/E3L5P53900058780.html,崔康熙|束昱辉,72
http://sports.163.com/18/1222/13/E3KQB0CR00058780.html,苍井空|裸泳,19702
http://sports.163.com/18/1222/12/E3KNQ31800058780.html,阿森纳|中超,35
http://sports.163.com/18/1222/12/E3KN06U100058780.html,恒大队|裁员,875
http://sports.163.com/18/1222/11/E3KKEHPR00058780.html,恒大队|中甲,2664
http://sports.163.com/18/1222/11/E3KK0G8S00058780.html,阎嵩|绿城队,636
http://sports.163.com/18/1221/17/E3INBNUU00058780.html,帕托|前女友,545
http://sports.163.com/18/1221/15/E3IFAIEP00058780.html,东方时空|央视,712
http://sports.163.com/18/1221/07/E3HKN3U300058780.html,中超|恒大,1414
http://sports.163.com/18/1221/21/E3J4VIB000058780.html,恒大队|中国,4417
http://sports.163.com/18/1221/19/E3ISUVGD00058780.html,足协|税务,167
http://sports.163.com/18/1221/19/E3ISPSKO00058780.html,中超|中甲,97
http://sports.163.com/18/1221/18/E3IOJ6JU00058780.html,女足|足球队,68
http://sports.163.com/18/1220/22/E3GL5ES900058780.html,上海申花队|让位,361
http://sports.163.com/18/1220/19/E3G8RSDG00058780.html,签字费|中国足协,183
http://sports.163.com/18/1220/16/E3G1821K00058780.html,加布里埃尔·瓦尔加|G.派利,9261
http://sports.163.com/18/1220/16/E3G0URVA00058780.html,武磊|曼联,731
http://sports.163.com/18/1220/16/E3FUPRQO00058780.html,调解费|青训,3220
http://sports.163.com/18/1220/00/E3EA5QJ400058780.html,恒大队|国足,3530
http://sports.163.com/18/1220/19/E3G9RQ4300058780.html,潘多拉|中超,8009
http://sports.163.com/18/1220/15/E3FSOV3O00058780.html,武磊|曼联,1370
http://sports.163.com/18/1219/18/E3DJFNEG00058780.html,武磊|曼联,4355
http://sports.163.com/18/1219/17/E3DHRLPC00058780.html,鲁能|翘臀,1894
http://sports.163.com/18/1219/07/E3CG2SIP00058780.html,中超|曼联,2791
http://sports.163.com/18/1219/07/E3CFEGIT00058780.html,帕托|沙滩,1297
http://sports.163.com/18/1219/19/E3DOGG5P00058780.html,保利尼奥|恒大队,82
http://sports.163.com/18/1219/16/E3DD7ROP00058780.html,亚足联|中超,184
http://sports.163.com/18/1219/08/E3CJDUBC00058780.html,上海申花队|上港,464
http://sports.163.com/18/1219/07/E3CGCMUL00058780.html,中超|泰达,92
http://sports.163.com/18/1218/08/E3A12O0C00058780.html,国安|耐克,852
http://sports.163.com/18/1218/07/E39RPJCR00058780.html,李铁|李金羽,3232
http://sports.163.com/18/1217/10/E37J5KF500058780.html,中超|泰达,10
http://sports.163.com/18/1217/07/E37976PB00058780.html,那英|酗酒,3058
http://sports.163.com/18/1217/11/E37OCO3P00058780.html,j罗|中超,0
http://sports.163.com/18/1217/10/E37KTTM600058780.html,中超|权健,26
http://sports.163.com/18/1217/10/E37KI6PB00058780.html,维拉斯·博阿斯|武磊,85
http://sports.163.com/18/1217/10/E37KCCTN00058780.html,中超|申花,181
http://sports.163.com/18/1217/10/E37K7O1100058780.html,吴金贵|上海申花队,62
http://sports.163.com/18/1217/08/E37E09SK00058780.html,中超|权健,87
http://sports.163.com/18/1217/07/E37AJQIU00058780.html,阿兰|足球,172
http://sports.163.com/18/1217/07/E37AFFLJ00058780.html,中超|恒大,6278
http://sports.163.com/18/1217/07/E37A58AP00058780.html,上港|恒大队,835
http://sports.163.com/18/1217/07/E379VSCE00058780.html,中超|恒大,196
http://sports.163.com/18/1216/21/E36981AB00058780.html,莫德斯特|法庭,55
http://sports.163.com/18/1216/20/E365PTU600058780.html,许家印|恒大,6125
http://sports.163.com/18/1216/17/E35RF6CI00058780.html,许家印|捐款,16405
http://sports.163.com/18/1216/15/E35KBEBA00058780.html,恒大队|j马,1475
http://sports.163.com/18/1216/15/E35JQM7500058780.html,国安|沙特,816
http://sports.163.com/18/1216/08/E34QU5EP00058780.html,亚历山大·帕托|天津权健队,34
http://sports.163.com/18/1215/19/E33FIVP000058780.html,毛剑卿|d&g,3380
http://sports.163.com/18/1215/19/E33E8MHC00058780.html,国足|夏奥,744
http://sports.163.com/18/1214/10/E2VRI01U00058780.html,中超|高拉特,600
http://sports.163.com/18/1214/08/E2VLQ8UK00058780.html,蓝色兰博|阿兰,3072
http://sports.163.com/18/1214/07/E2VJEVGV00058780.html,中超|权健,99
http://sports.163.com/18/1214/07/E2VJMAO800058780.html,中超|泰达,13
http://sports.163.com/18/1213/11/E2TFOKKI00058780.html,毛剑卿|离婚,4044
http://sports.163.com/18/1213/09/E2T7EGUD00058780.html,限额|足协,199
http://sports.163.com/18/1212/17/E2RFIQT500058780.html,限额|中超俱乐部,4155
http://sports.163.com/18/1212/10/E2QPUQJQ00058780.html,中超|权健,824
http://sports.163.com/18/1212/09/E2QKGT0200058780.html,莫德斯特|国际足联联合会杯,1135
http://sports.163.com/18/1212/10/E2QPQM2V00058780.html,中超|大连,762
http://sports.163.com/18/1211/17/E2OTNPSA00058780.html,吴毅臻|申鑫,424
http://sports.163.com/18/1211/17/E2OTHVTH00058780.html,亚泰|李帅,159
http://sports.163.com/18/1211/21/E2PCVVEQ00058780.html,军训|足球,183
http://sports.163.com/18/1206/22/E2CHQAD300058780.html,苟仲文|绿地集团,12
http://sports.163.com/18/1206/20/E2CBEP1L00058780.html,恒大队|卡帅,2108
http://sports.163.com/18/1206/17/E2C2KLVP00058780.html,中国足球|苟仲文,1577
http://sports.163.com/18/1205/20/E29Q4MNN00058780.html,奥斯卡多斯桑托斯|巴甲,819
http://sports.163.com/18/1203/16/E247OGB900058780.html,扬尼克·费雷拉·卡拉斯科|晋鹏翔,667
http://sports.163.com/18/1203/16/E2478FLP00058780.html,郭全博|国安,609
http://sports.163.com/18/1203/16/E247EIUQ00058780.html,崔康熙|全北,3146
http://sports.163.com/18/1202/07/E20MFI9O00058780.html,中田英寿|日本足球,10596
http://sports.163.com/18/1201/12/E1ULRFS300058780.html,迭戈·塔尔德利·马丁斯|李霄鹏,2893
http://sports.163.com/18/1201/11/E1UH3QB300058780.html,大连一方|求婚,317
http://sports.163.com/18/1129/00/E1O66UEK00058780.html,中国足协|张吉龙,812
http://sports.163.com/18/1128/21/E1NSG00600058780.html,中国足协|中超,2003
http://sports.163.com/18/1128/08/E1MH9HPM00058780.html,中国足球|足球,197
http://sports.163.com/18/1128/08/E1MGV5OV00058780.html,军训|上海申花队,797
http://sports.163.com/18/1128/08/E1MEAHKH00058780.html,法比奥·卡纳瓦罗|恒大队,1967
http://sports.163.com/18/1127/21/E1LB7LOG00058780.html,上海申花队|上港,4434
http://sports.163.com/18/1127/10/E1K5DKC100058780.html,寂静岭|雾霾,2641
http://sports.163.com/18/1127/09/E1K2LQK500058780.html,天津权健队|家底,48
http://sports.163.com/18/1127/09/E1JV9TRE00058780.html,中超联赛|国足,768
http://sports.163.com/18/1127/08/E1JS99QE00058780.html,国足|马德兴,1620
http://sports.163.com/18/1126/21/E1IN89QS00058780.html,巴甲|恒大队,922
http://sports.163.com/18/1126/20/E1IJ427400058780.html,军训|空军,173
http://sports.163.com/18/1126/15/E1I3H79C00058780.html,法比奥·卡纳瓦罗|意大利,9452
http://sports.163.com/18/1126/15/E1I320FI00058780.html,中国足协|中超,4691
http://sports.163.com/18/1126/09/E1HE8UU100058780.html,中国足球|中超,168
http://sports.163.com/18/1126/08/E1HAFC7400058780.html,足协|国足,1221
http://sports.163.com/18/1126/08/E1HA8VOK00058780.html,范志毅|苟仲文,3782
http://sports.163.com/18/1126/08/E1H9TPGC00058780.html,国足|中国足球,2540
http://sports.163.com/18/1126/08/E1H9JDA800058780.html,于大宝|李磊,1692
http://sports.163.com/18/1125/20/E1G16RBS00058780.html,国安|雷纳托·奥古斯托,341
http://sports.163.com/18/1125/19/E1FU9RSQ00058780.html,拉斐尔·贝尼特斯|卡帅,2347
http://sports.163.com/18/1124/09/E1CAJM5N00058780.html,富力|辞职,251
http://sports.163.com/18/1124/09/E1CAD2DO00058780.html,中性化|苏宁,2992
http://sports.163.com/18/1123/07/E19G658O00058780.html,恒大队|卡帅,6179
http://sports.163.com/18/1123/17/E1AHI8S300058780.html,武磊|佩卢西托,997
http://sports.163.com/18/1123/17/E1AH8GQ900058780.html,富力|国脚,958
http://sports.163.com/18/1123/10/E19R8J6N00058780.html,埃尔克森|李帅,315
http://sports.163.com/18/1123/10/E19QGJF000058780.html,中性化|天津权健,415
http://sports.163.com/18/1123/10/E19P45M600058780.html,big4|中超,544
http://sports.163.com/18/1123/09/E19OK4FT00058780.html,武磊|中超,556
http://sports.163.com/18/1123/07/E19F96LN00058780.html,耿晓峰|鲁能,1103
http://sports.163.com/18/1122/15/E17OPGSI00058780.html,军训|国青,1550
http://sports.163.com/18/1122/10/E178THLB00058780.html,施蒂利克|施蒂利,166
http://sports.163.com/18/1122/08/E173752Q00058780.html,武磊|上海,1725
http://sports.163.com/18/1122/07/E16UGJ0600058780.html,国安|雷纳托·奥古斯托,3012
http://sports.163.com/18/1122/07/E16T68S100058780.html,C罗|梅西,733
http://sports.163.com/18/1122/13/E17K2D1Q00058780.html,中国足协|足协,502
http://sports.163.com/18/1122/09/E175FQ9I00058780.html,足球|足协,1283
http://sports.163.com/18/1122/08/E1722AF700058780.html,足协|足球,485
http://sports.163.com/18/1122/07/E16UGQU900058780.html,苏宁|中超,870
http://sports.163.com/18/1122/07/E16UA0PN00058780.html,黄紫昌|苏宁,1
http://sports.163.com/18/1121/21/E15RLF8600058780.html,武磊|世界杯,829
http://sports.163.com/18/1121/20/E15PGLBJ00058780.html,郭全博|黄紫昌,208
http://sports.163.com/18/1121/20/E15NT7PF00058780.html,中超|足协,989
http://sports.163.com/18/1121/09/E14IOBAP00058781.html,扬尼克·费雷拉·卡拉斯科|大连一方,2748
http://sports.163.com/18/1121/21/E15QNCAN00058780.html,中超|鲁能,5623
http://sports.163.com/18/1121/21/E15QINP800058780.html,武磊|中超,6266
http://sports.163.com/18/1121/21/E15Q9QT600058780.html,李霄鹏|施密特,1991
http://sports.163.com/18/1121/20/E15Q2I0500058780.html,徐根宝|董路,16408
http://sports.163.com/18/1121/20/E15PRT5F00058780.html,金敬道|武磊,441
http://sports.163.com/18/1121/20/E15NEGVB00058780.html,武磊|国足,1068
http://sports.163.com/18/1121/20/E15MORQL00058780.html,武磊|徐根宝,3121
http://sports.163.com/18/1121/19/E15LT2HN00058780.html,武磊|射手,1126
http://sports.163.com/18/1121/19/E15LHT6N00058780.html,中超|恒大,2887
http://sports.163.com/18/1121/19/E15LDS7B00058780.html,底色|绿色,284
http://sports.163.com/18/1121/19/E15LAA8700058780.html,中国足球|青训,1422
http://sports.163.com/18/1121/18/E15G1K9E00058780.html,帕托|中超,105
http://sports.163.com/18/1121/16/E159K7F000058780.html,集训队|滚翻,3067
http://sports.163.com/18/1121/12/E14UBDOF00058780.html,限薪|足协,785
http://sports.163.com/18/1121/11/E14O8IAO00058780.html,中国足协|恒大,5991
http://sports.163.com/18/1121/07/E14B1GR000058780.html,足协|权利,3509
http://sports.163.com/18/1120/10/E1229OUL00058780.html,军训|建业,1375
http://sports.163.com/18/1120/23/E13F2HNB00058780.html,李毅|升降级,309
http://sports.163.com/18/1120/22/E13E5L4P00058780.html,郜林|郑智,2922
http://sports.163.com/18/1120/22/E13C9K9L00058780.html,足协|中国足协,15054
http://sports.163.com/18/1120/22/E13B5G4A00058780.html,里皮|国足,3997
http://sports.163.com/18/1120/20/E136N04500058780.html,国足|武磊,8460
http://sports.163.com/18/1120/20/E1350NN900058780.html,冯潇霆|恒大,2390
http://sports.163.com/18/1120/20/E134BOVE00058780.html,足协|特评,4331
http://sports.163.com/18/1120/17/E12SGSFB00058780.html,梅西|马斯切拉诺,13
http://sports.163.com/18/1120/16/E12P44OD00058780.html,中超|足协,12354
http://sports.163.com/18/1120/16/E12MPJQO00058780.html,上海队|广州队,1766
http://sports.163.com/18/1120/08/E11TMQBR00058780.html,全北现代|崔康熙,92
http://sports.163.com/18/1120/08/E11SLRAF00058780.html,扬尼克·费雷拉·卡拉斯科|国安,516
http://sports.163.com/18/1120/07/E11PT12J00058780.html,莫德斯特|恒大队,843
http://sports.163.com/18/1119/20/E10HSV1300058780.html,辽宁队|广州队,2523
http://sports.163.com/18/1119/17/E107V3Q800058780.html,李铁|军训,1627
http://sports.163.com/18/1119/16/E107BRJG00058780.html,何引丽|前国脚,7588
http://sports.163.com/18/1119/16/E1050F9400058780.html,何小珂|中国,226
http://sports.163.com/18/1119/15/E1024OJM00058780.html,国足|世界杯,263
http://sports.163.com/18/1119/12/E0VPCKCU00058780.html,足协杯|国奥,85
http://sports.163.com/18/1119/10/E0VH6PKB00058780.html,刘军|苏宁,777
http://sports.163.com/18/1119/10/E0VFLPM900058780.html,武磊|上港,2596
http://sports.163.com/18/1119/08/E0VBEK2K00058780.html,申花队|足协杯,489
http://sports.163.com/18/1119/08/E0VASK8N00058780.html,束昱辉|崔康熙,634
http://sports.163.com/18/1119/08/E0V8UBE900058780.html,舒斯特尔|大连一方,989
http://sports.163.com/18/1118/22/E0U74C1100058780.html,莫德斯特|科隆队,1693
http://sports.163.com/18/1118/19/E0TT9LTV00058780.html,中超|国足,3087
http://sports.163.com/18/1118/15/E0TG20JL00058780.html,束昱辉|金信煜,535
http://sports.163.com/18/1118/12/E0T51DP600058780.html,国际足联联合会杯|裁决,4144
http://sports.163.com/18/1118/10/E0SVGDT500058780.html,施密特|鲁能,468
http://sports.163.com/18/1118/10/E0SV9H5D00058780.html,张玉宁|海牙,1912
http://sports.163.com/18/1118/10/E0SV19HR00058780.html,张稀哲|足协杯,42
http://sports.163.com/18/1118/10/E0SUJ8MF00058780.html,施密特|足协杯,32
http://sports.163.com/18/1118/09/E0SRRG9O00058780.html,穆谢奎|马德里,107
http://sports.163.com/18/1118/09/E0SPMNC900058780.html,顾操|建业,2149
http://sports.163.com/18/1118/08/E0SNTPKE00058780.html,科隆|莫德斯特,2631
http://sports.163.com/18/1118/08/E0SMD0BP00058780.html,国安|中国足球,3539
http://sports.163.com/18/1118/07/E0SLMB3N00058780.html,斯科拉里|阿兰,744
http://sports.163.com/18/1118/03/E0S8873Q00058780.html,上海队|广州队,6593
http://sports.163.com/18/1117/09/E0Q8JPH700058780.html,胡尔克|中超,4972
http://sports.163.com/18/1116/17/E0OH5L3300058780.html,孔卡|中国足球,1389
http://sports.163.com/18/1116/16/E0ODAEL400058780.html,武磊|迪马济奥,4108
http://sports.163.com/18/1116/18/E0ON71O700058780.html,鲁能|青少年,616
http://sports.163.com/18/1116/14/E0O8BPE300058780.html,买提江|亚洲杯,71
http://sports.163.com/18/1116/14/E0O7VIMV00058780.html,舒斯特尔|穆谢奎,541
http://sports.163.com/18/1116/08/E0NHNRUF00058780.html,亚冠|中超,1357
http://sports.163.com/18/1116/07/E0NFIFBL00058780.html,崔康熙|天津权健队,205
http://sports.163.com/18/1116/07/E0NEVOEF00058780.html,鲁能|李霄鹏,500
http://sports.163.com/18/1115/19/E0M6BSML00058780.html,中超|亚泰,1866
http://sports.163.com/18/1115/07/E0KSQEN300058780.html,泰达|曹阳,678
http://sports.163.com/18/1115/19/E0M58M0500058780.html,足球|足协,9527
http://sports.163.com/18/1115/17/E0M0GQNE00058780.html,中超|U23,1183
http://sports.163.com/18/1115/08/E0L2C7C100058780.html,李金羽|郝海东,2721
http://sports.163.com/18/1115/07/E0KUEO2C00058780.html,中超|泰达,1540
http://sports.163.com/18/1115/07/E0KSORMQ00058780.html,武磊|徐根宝,2396
http://sports.163.com/18/1114/21/E0JSJS3600058780.html,中超|亚冠联赛,5913
http://sports.163.com/18/1114/13/E0J136SN00058780.html,军训|国足,3342
http://sports.163.com/18/1114/07/E0I9IGEH00058780.html,中超|恒大,2332
http://sports.163.com/18/1114/07/E0I9DTQO00058780.html,许家印|上港,8939
http://sports.163.com/18/1114/09/E0IH6IG900058780.html,马雷克·哈姆西克|亚冠,995
http://sports.163.com/18/1114/08/E0IFEG7H00058780.html,恒大队|国安,1318
http://sports.163.com/18/1114/08/E0IF8APC00058780.html,斯帅|强守弱,1161
http://sports.163.com/18/1114/08/E0IF3OTA00058780.html,恒大队|天河体育中心,923
http://sports.163.com/18/1113/21/E0H71OA800058780.html,中国足协|中超,1311
http://sports.163.com/18/1113/17/E0GRPLES00058780.html,足协杯|国安,500
http://sports.163.com/18/1113/17/E0GPFPEC00058780.html,大连|中超,163
http://sports.163.com/18/1113/16/E0GM0D1800058780.html,武磊|颜骏凌,1568
http://sports.163.com/18/1113/15/E0GJLHKL00058780.html,耐克|中超,2022
http://sports.163.com/18/1113/10/E0G33HR900058780.html,帕托|权健,98
http://sports.163.com/18/1113/10/E0G2HJGD00058780.html,中超|上港,2482
http://sports.163.com/18/1113/09/E0FUT9BP00058780.html,张近东|青训,185
http://sports.163.com/18/1113/07/E0FPSR2500058780.html,武磊|上港,1848
http://sports.163.com/18/1113/07/E0FOT4NM00058780.html,武磊|上港,4936
http://sports.163.com/18/1112/22/E0EQU2AP00058780.html,胡尔克|上港,824
http://sports.163.com/18/1112/20/E0EJFHC100058780.html,三叉戟|上港,1773
http://sports.163.com/18/1112/20/E0EJ2VBK00058780.html,陈戌源|足球,6187
http://sports.163.com/18/1112/19/E0EFDA0T00058780.html,武磊|佩雷拉,3583
http://sports.163.com/18/1112/18/E0EDCHMA00058780.html,武磊|胡尔克,3656
http://sports.163.com/18/1112/18/E0EARJQ600058780.html,中国足协|足协,456
http://sports.163.com/18/1112/10/E0DGJ7CP00058780.html,王健林|大连,9016
http://sports.163.com/18/1112/10/E0DFMHU000058780.html,耿晓峰|华夏幸福,58
http://sports.163.com/18/1112/10/E0DF9LG000058780.html,中超|亚泰,431
http://sports.163.com/18/1112/09/E0DBOS9200058780.html,大连|足球,179
http://sports.163.com/18/1112/09/E0DBFAJF00058780.html,鲁能|足协,1026
http://sports.163.com/18/1112/08/E0DB8HFF00058780.html,陈金刚|亚泰,729
http://sports.163.com/18/1112/08/E0DAV7A900058780.html,贵州恒丰|佩特雷斯库,189
http://sports.163.com/18/1112/07/E0D5NJJC00058780.html,恒大队|卡帅,3091
http://sports.163.com/18/1111/22/E0C6E91P00058780.html,吴金贵|上海申花队,510
http://sports.163.com/18/1111/21/E0C2K6EL00058780.html,亚泰|长春亚泰,114
http://sports.163.com/18/1111/19/E0BSMVQ900058780.html,卡帅|足协,1132
http://sports.163.com/18/1111/19/E0BSLN7A00058780.html,雷斯库|恒丰,1106
http://sports.163.com/18/1111/18/E0BOP3U400058780.html,陈金刚|中超,2917
http://sports.163.com/18/1111/18/E0BOL1BS00058780.html,郑智|郜飞机,2796
http://sports.163.com/18/1111/18/E0BOF5J600058780.html,泰达|恒大队,5113
http://sports.163.com/18/1111/17/E0BN338400058780.html,胜利|中超,613
http://sports.163.com/18/1111/17/E0BMT7NP00058780.html,亚泰|国脚,4251
http://sports.163.com/18/1111/17/E0BM0TCO00058780.html,亚泰|东北,4048
http://sports.163.com/18/1111/17/E0BL9M9100058780.html,亚泰|泰达,8595
http://sports.163.com/18/1111/17/E0BKQC8100058780.html,王健林|大连万达,2245
http://sports.163.com/18/1111/17/E0BKFOP600058780.html,塔利斯卡|泰达,282
http://sports.163.com/18/1111/16/E0BJRQ1800058780.html,亚泰|扬尼克·费雷拉·卡拉斯科,13441
http://sports.163.com/18/1111/16/E0BJR8E100058780.html,中超|泰达,9406
http://sports.163.com/18/1111/16/E0BJG96J00058780.html,扬尼克·费雷拉·卡拉斯科|皮球,237
http://sports.163.com/18/1111/16/E0BJE6A300058780.html,保利尼奥|阿兰,449
http://sports.163.com/18/1111/16/E0BIIB0C00058780.html,扬尼克·费雷拉·卡拉斯科|皮球,2280
http://sports.163.com/18/1111/16/E0BHVN9P00058780.html,郜飞机|阿兰,462
http://sports.163.com/18/1111/15/E0BGIM7N00058780.html,泰达|红牌,1017
http://sports.163.com/18/1111/15/E0BG3ODM00058780.html,中超|恒大,80
http://sports.163.com/18/1111/15/E0BEK4SC00058780.html,亚泰|长春亚泰,312
http://sports.163.com/18/1111/15/E0BE9VLJ00058780.html,曾诚|泰达,1021
http://sports.163.com/18/1111/14/E0BB1K6000058780.html,保利尼奥|徐新,76
http://sports.163.com/18/1111/22/E0C8HH4O00058780.html,国足|苏宁,115
http://sports.163.com/18/1111/19/E0BREE2R00058780.html,李霄鹏|戴琳,42
http://sports.163.com/18/1111/18/E0BQOG8U00058780.html,中超|科尔曼,35
http://sports.163.com/18/1111/18/E0BQ474100058780.html,上港|中超,138
http://sports.163.com/18/1111/18/E0BPLPRE00058780.html,中超|人和,29
http://sports.163.com/18/1111/18/E0BP7HH100058780.html,汪嵩|苏宁,26
http://sports.163.com/18/1111/18/E0BOPCIQ00058780.html,汪嵩|吴曦,205
http://sports.163.com/18/1111/18/E0BOIS6R00058780.html,武磊|金靴,2405
http://sports.163.com/18/1111/18/E0BOCPHP00058780.html,施密特|足协杯,432
http://sports.163.com/18/1111/18/E0BO88DP00058780.html,佩雷拉|上港,1837
http://sports.163.com/18/1111/17/E0BNBUS500058780.html,中超|长春亚泰,3474
http://sports.163.com/18/1111/17/E0BMLDFD00058780.html,张鹭|上港,3187
http://sports.163.com/18/1111/17/E0BLRVAV00058780.html,武磊|奥斯卡多斯桑托斯,486
http://sports.163.com/18/1111/17/E0BKKLC700058780.html,中超|漫画,331
http://sports.163.com/18/1111/17/E0BKGKDV00058780.html,富力|人和,90
http://sports.163.com/18/1111/16/E0BK41CR00058780.html,汪嵩|建业,667
http://sports.163.com/18/1111/16/E0BK31G600058780.html,耶拉维奇|重庆,3392
http://sports.163.com/18/1111/16/E0BJUFVI00058780.html,杨旭|武磊,3512
http://sports.163.com/18/1111/16/E0BJQRTN00058780.html,申花|鲁能,539
http://sports.163.com/18/1111/15/E0BF61TS00058780.html,秦升|里亚斯科斯,200
http://sports.163.com/18/1111/15/E0BEMA1C00058780.html,曾诚|恒大队,5730
http://sports.163.com/18/1111/15/E0BELKAG00058780.html,亚泰|泰达,3050
http://sports.163.com/18/1111/15/E0BE3TQV00058780.html,武磊|皮球,1998
http://sports.163.com/18/1111/14/E0BAQAMA00058780.html,武磊| 帕托,1
http://sports.163.com/18/1111/14/E0BAJON800058780.html,卡拉斯科|长春亚泰,2
http://sports.163.com/18/1111/11/E0B2TS2000058780.html,恒大|泰达,771
http://sports.163.com/18/1111/11/E0B23C8100058780.html,恒大|上港,1432
http://sports.163.com/18/1111/11/E0B1SL5300058780.html,上港|中超,2395
http://sports.163.com/18/1111/11/E0B1LRCP00058780.html,大连|足协,2743
http://sports.163.com/18/1110/22/E09KVU3800058780.html,武磊|上港,39
http://sports.163.com/18/1110/20/E09DM8BK00058780.html,重庆|重庆队,148
http://sports.163.com/18/1110/20/E09CSR1T00058780.html,泰达|恒大队,227
http://sports.163.com/18/1110/20/E09CKNOP00058780.html,亚泰|大连,146
http://sports.163.com/18/1110/18/E0965UJ300058780.html,中超|贵州恒丰,8
http://sports.163.com/18/1110/16/E091UCP300058780.html,恒大队|泰达,2279
http://sports.163.com/18/1110/16/E091EQOT00058780.html,卡帅|法比奥·卡纳瓦罗,1239
http://sports.163.com/18/1110/16/E090SLI000058780.html,克鲁伊夫|重庆,58
http://sports.163.com/18/1110/15/E08UB7MF00058780.html,中超|大连一方,3316
http://sports.163.com/18/1110/15/E08U5AOG00058780.html,舒斯特尔|胜利,252
http://sports.163.com/18/1110/21/E09GA8AD00058780.html,科尔曼|张呈栋,10
http://sports.163.com/18/1110/21/E09G1DBB00058780.html,施密特|足协杯,120
http://sports.163.com/18/1110/16/E08VRCFT00058780.html,中超|曹永竞,2
http://sports.163.com/18/1110/16/E08V5QNE00058780.html,中超|苏宁,31
http://sports.163.com/18/1110/11/E08F7TF700058780.html,苏宁|中超,50
http://sports.163.com/18/1110/11/E08ETH8S00058780.html,大连|中超,1955
http://sports.163.com/18/1110/11/E08DVFR400058780.html,上港|中超,951
http://sports.163.com/18/1110/10/E08D889D00058780.html,中国足球|黄健翔,505
http://sports.163.com/18/1110/07/E082J7AI00058780.html,中超|武磊,552
http://sports.163.com/18/1109/22/E072U0G400058780.html,中超|大连一方,811
http://sports.163.com/18/1109/21/E06VVMGA00058780.html,中超|贵州恒丰,388
http://sports.163.com/18/1109/21/E06VHR0L00058780.html,奥斯卡多斯桑托斯|切尔西队,1659
http://sports.163.com/18/1109/19/E06OLBOI00058780.html,中国足球|马云,1056
http://sports.163.com/18/1109/15/E069IUJV00058780.html,郑智|朱辰杰,3695
http://sports.163.com/18/1109/13/E06493UR00058780.html,颜骏凌|娇妻,6458
http://sports.163.com/18/1109/13/E062QR4V00058780.html,大连一方|中超,604
http://sports.163.com/18/1109/11/E05SPKLI00058780.html,郑智|卡帅,3491
http://sports.163.com/18/1109/10/E05PB66E00058780.html,马德兴|恒大,7543
http://sports.163.com/18/1109/09/E05KORJV00058780.html,奥斯卡|中超,2887
http://sports.163.com/18/1109/08/E05JP5U000058780.html,秦升|穆谢奎,1329
http://sports.163.com/18/1109/08/E05GU5U900058780.html,恒大|中超,4022
http://sports.163.com/18/1109/07/E05FLPBI00058780.html,泰达|亚泰,1782
http://sports.163.com/18/1109/07/E05F345M00058780.html,上港|徐根宝,2343
http://sports.163.com/18/1108/20/E049IP1Q00058780.html,徐根宝|上港,1461
http://sports.163.com/18/1108/19/E0474EHI00058780.html,蔡慧康|中超,13302
http://sports.163.com/18/1108/18/E041BFDF00058780.html,武磊|中超,2235
http://sports.163.com/18/1108/16/E03QNA4O00058780.html,上港|恒大队,4990
http://sports.163.com/18/1108/14/E03LLVI300058780.html,华夏|任航,391
http://sports.163.com/18/1108/14/E03L0DLB00058780.html,饶伟辉|上港,32
http://sports.163.com/18/1108/14/E03KEOVJ00058780.html,上港|中超,773
http://sports.163.com/18/1108/13/E03ICGRT00058780.html,国足|中超,1704
http://sports.163.com/18/1108/12/E03F4N4100058780.html,徐根宝|武磊,2216
http://sports.163.com/18/1108/10/E03882H400058780.html,卡帅|恒大,1397
http://sports.163.com/18/1108/10/E037DKPN00058780.html,足协|亚泰,1651
http://sports.163.com/18/1108/09/E034RQJ700058780.html,世界杯|卡塔尔,287
http://sports.163.com/18/1108/09/E03470EK00058780.html,武磊|徐根宝,1326
http://sports.163.com/18/1108/09/E033N8RR00058780.html,于海|上港,1430
http://sports.163.com/18/1108/09/E0338BQE00058780.html,武磊|颜骏凌,3256
http://sports.163.com/18/1108/09/E032NJBM00058780.html,恒大|中超,1623
http://sports.163.com/18/1108/08/E0313LGB00058780.html,恒大|费尔南迪尼奥,2297
http://sports.163.com/18/1108/08/E02UR59400058780.html,秦升|大连,1119
http://sports.163.com/18/1108/07/E02RJIOA00058780.html,足协杯|国安,1115
http://sports.163.com/18/1107/21/E01QSTCK00058780.html,中超|上港,15102
http://sports.163.com/18/1107/23/E022EIGV00058780.html,徐根宝|上港,6113
http://sports.163.com/18/1107/23/E021KG5M00058780.html,吕文君|上港,45
http://sports.163.com/18/1107/23/E0219URQ00058780.html,颜骏凌|徐根宝,268
http://sports.163.com/18/1107/23/E0211K8B00058780.html,佩雷拉|恒大队,2267
http://sports.163.com/18/1107/23/E020R4QR00058780.html,上港|恒大队,2384
http://sports.163.com/18/1107/22/E01U42VG00058780.html,曹赟定|上海申花队,1233
http://sports.163.com/18/1107/22/E01TS5BH00058780.html,武磊|上海足球,1048
http://sports.163.com/18/1107/22/E01S3TEG00058780.html,胡尔克|火神杯,1162
http://sports.163.com/18/1107/21/E01RBP6C00058780.html,佩雷拉|中超,1558
http://sports.163.com/18/1107/21/E01RARLP00058780.html,连冠|恒大队,1234
http://sports.163.com/18/1107/21/E01R935Q00058780.html,亚冠|上港,1064
http://sports.163.com/18/1107/21/E01QPJ6600058780.html,上港|徐根宝,1533
http://sports.163.com/18/1107/21/E01QLPQQ00058780.html,恒大队|上港,1207
http://sports.163.com/18/1107/21/E01QHUT900058780.html,上海滩|恒大队,5244
http://sports.163.com/18/1107/21/E01Q8R4T00058780.html,扎哈维|杜文洋,47
http://sports.163.com/18/1107/21/E01Q7BD200058780.html,穆谢奎|赵英杰,1913
http://sports.163.com/18/1107/21/E01Q04GJ00058780.html,武磊|上港,18601
http://sports.163.com/18/1107/21/E01P9CG000058780.html,单刀|佩雷拉,702
http://sports.163.com/18/1107/21/E01OTJA800058780.html,单刀|国门,27
http://sports.163.com/18/1107/20/E01OAJRN00058780.html,武磊|恒大队,2737
http://sports.163.com/18/1107/20/E01O5T5S00058780.html,徐根宝|武磊,1444
http://sports.163.com/18/1107/20/E01L8U5B00058780.html,弧线球|埃尔克森,732
http://sports.163.com/18/1107/19/E01KVJE500058780.html,武磊|上港,483
http://sports.163.com/18/1107/19/E01JQ4M100058780.html,最初的梦想|上港,840
http://sports.163.com/18/1107/07/E009DK1V00058780.html,保级|中超,2870
http://sports.163.com/18/1107/23/E0211OM700058780.html,比埃拉|施密特,18
http://sports.163.com/18/1107/23/E020NQRK00058780.html,苏宁|黄紫昌,15
http://sports.163.com/18/1107/23/E020KTTV00058780.html,上海市委|上港,1363
http://sports.163.com/18/1107/23/E020FED900058780.html,华夏|富力,16
http://sports.163.com/18/1107/23/E020A4U700058780.html,武磊|上港,3870
http://sports.163.com/18/1107/21/E01RN2HP00058780.html,武磊|上港,9387
http://sports.163.com/18/1107/21/E01RKOAH00058780.html,中超|长春亚泰,10720
http://sports.163.com/18/1107/21/E01Q933O00058780.html,帕托|王永珀,558
http://sports.163.com/18/1107/21/E01Q841700058780.html,中超|建业,1811
http://sports.163.com/18/1107/21/E01Q816Q00058780.html,顾超|吉尔,1654
http://sports.163.com/18/1107/21/E01Q576C00058780.html,冯潇霆|恒大,16973
http://sports.163.com/18/1107/21/E01Q2KMJ00058780.html,于洋|巴坎布,1363
http://sports.163.com/18/1107/21/E01PRG5T00058780.html,郜林|摩托,2914
http://sports.163.com/18/1107/21/E01PLE4L00058780.html,冯潇霆|红牌,2834
http://sports.163.com/18/1107/20/E01O3I1O00058780.html,于洋|里皮,639
http://sports.163.com/18/1107/20/E01NUCFR00058780.html,武磊|李金羽,8564
http://sports.163.com/18/1107/20/E01M6PH000058780.html,顾超|中超,1368
http://sports.163.com/18/1107/20/E01LR5PQ00058780.html,恒大|重庆,2573
http://sports.163.com/18/1107/19/E01HPE7C00058780.html,乔纳森|穆谢奎,1
http://sports.163.com/18/1107/19/E01HMAGQ00058780.html,重庆|恒大,19
http://sports.163.com/18/1107/18/E01GM6PD00058780.html,上港|埃神,411
http://sports.163.com/18/1107/17/E01DQVSO00058780.html,中超|英超,50
http://sports.163.com/18/1106/23/DVVD722I00058780.html,火神杯|上港,1779
http://sports.163.com/18/1106/22/DVVAL29J00058780.html,亚泰|天津权健,29
http://sports.163.com/18/1106/22/DVVAGQLT00058780.html,恒大队|中超,248
http://sports.163.com/18/1106/22/DVVABL6Q00058780.html,鲁能|中超,88
http://sports.163.com/18/1106/22/DVVA6B3200058780.html,上港|中超,246
http://sports.163.com/18/1106/22/DVVA3CJC00058780.html,佩雷拉|上港,1607
http://sports.163.com/18/1106/20/DVV3A0TN00058780.html,鲁能|埃德尔,33
http://sports.163.com/18/1106/19/DVV0LRTB00058780.html,施密特|张稀哲,373
http://sports.163.com/18/1106/19/DVUVJS3O00058780.html,"上港|
                            <span class=""icon"">1316</span>
                            <span class=""text"">跟帖&nbsp;1316</span>
                        ",1316
http://sports.163.com/18/1106/17/DVURNLL500058780.html,恒大队|重庆,2731
http://sports.163.com/18/1106/13/DVUCVLP000058780.html,鲁能|中超,116
http://sports.163.com/18/1106/13/DVUCN1PD00058780.html,泰达|一方,742
http://sports.163.com/18/1106/09/DVTTIQBB00058780.html,武磊|央视,1713
http://sports.163.com/18/1106/08/DVTS501V00058780.html,张玉宁|海牙,208
http://sports.163.com/18/1106/08/DVTPVU4B00058780.html,国安|上港,2441
http://sports.163.com/18/1106/07/DVTPAREK00058780.html,张琳芃|上港,5949
http://sports.163.com/18/1106/07/DVTOKBV400058780.html,束昱辉|崔康熙,377
http://sports.163.com/18/1106/07/DVTO6Q9800058780.html,中超|中国足协,882
http://sports.163.com/18/1106/07/DVTNPD0H00058780.html,中国足球|姚明,2459
http://sports.163.com/18/1106/07/DVTMJEGV00058780.html,建业|中超,3157
http://sports.163.com/18/1105/23/DVSQSIEP00058780.html,中超|上港,4357
http://sports.163.com/18/1105/22/DVSOE5A500058780.html,中超|总局,1041
http://sports.163.com/18/1105/21/DVSKREBI00058780.html,上港|中超联赛,12429
http://sports.163.com/18/1105/21/DVSK7LIP00058780.html,中超|恒大,1720
http://sports.163.com/18/1105/15/DVS2764200058780.html,中超|女足,3349
http://sports.163.com/18/1105/14/DVRU2S9R00058780.html,荣昊|恒大,3270
http://sports.163.com/18/1105/10/DVRE1CJI00058780.html,郜林|上港,7603
http://sports.163.com/18/1105/09/DVRDH8IU00058780.html,法比奥·卡纳瓦罗|恒大,4593
http://sports.163.com/18/1105/08/DVR9HO4G00058780.html,苏宁|中超,546
http://sports.163.com/18/1105/08/DVR7PUG600058780.html,泰达|中乙,630
http://sports.163.com/18/1105/07/DVR6L7JM00058780.html,恒大|天津泰达,2189
http://sports.163.com/18/1104/16/DVPH3ESO00058780.html,中超|上港,6787
http://sports.163.com/18/1104/15/DVPD4E1500058780.html,斯科拉里|恒大队,4900
http://sports.163.com/18/1104/08/DVOMNLMV00058780.html,深足|中超,1615
http://sports.163.com/18/1103/23/DVNMRI8Q00058780.html,颜骏凌|上港,2398
http://sports.163.com/18/1103/23/DVNMOU2200058780.html,蔡慧康|徐根宝,4139
http://sports.163.com/18/1103/23/DVNMILNJ00058780.html,郑智|广州,5017
http://sports.163.com/18/1103/23/DVNLQTAM00058780.html,上港|费利佩,640
http://sports.163.com/18/1103/22/DVNLI05E00058780.html,法比奥·卡纳瓦罗|恒大队,11351
http://sports.163.com/18/1103/22/DVNL8O1U00058780.html,上港|恒大队,9680
http://sports.163.com/18/1103/22/DVNK8EJS00058780.html,中超|苏宁,30
http://sports.163.com/18/1103/22/DVNJCM0K00058780.html,上港|恒大队,6565
http://sports.163.com/18/1103/22/DVNIR3EO00058780.html,上港|恒大队,9286
http://sports.163.com/18/1103/21/DVNI8BIF00058780.html,中超|泰达,1384
http://sports.163.com/18/1103/21/DVNHQ2AK00058780.html,上港|恒大队,9521
http://sports.163.com/18/1103/21/DVNHKL0T00058780.html,胡尔克|点球,6379
http://sports.163.com/18/1103/21/DVNGQVMG00058780.html,胡尔克|武磊,52850
http://sports.163.com/18/1103/21/DVNG8B9D00058780.html,摆乌龙|恒大队,13215
http://sports.163.com/18/1103/21/DVNFSILD00058780.html,曾诚|武磊,1503
http://sports.163.com/18/1103/20/DVNEIGK200058780.html,曾诚|武磊,9536
http://sports.163.com/18/1103/20/DVNE50EP00058780.html,郜飞机|王燊超,3934
http://sports.163.com/18/1103/20/DVNDH15D00058780.html,颜骏凌|恒大队,2973
http://sports.163.com/18/1103/20/DVNDA7QD00058780.html,中超|苏宁,73
http://sports.163.com/18/1103/20/DVNCVK5100058780.html,于汉超|郜飞机,2806
http://sports.163.com/18/1103/20/DVNCGAGQ00058780.html,于汉超|郜飞机,2376
http://sports.163.com/18/1103/20/DVNC7RVH00058780.html,保利尼奥|皮球,1773
http://sports.163.com/18/1103/20/DVNBSD0O00058780.html,颜骏凌|塔利斯卡,1128
http://sports.163.com/18/1103/19/DVNBELOI00058780.html,曾诚|吕文君,939
http://sports.163.com/18/1103/19/DVNB81OF00058780.html,胡尔克|吕文君,1543
http://sports.163.com/18/1103/19/DVNB26SP00058780.html,颜骏凌|郜飞机,643
http://sports.163.com/18/1103/19/DVN86T4L00058780.html,中超|中甲,954
http://sports.163.com/18/1103/18/DVN7T1JJ00058780.html,中超|大连一方,65
http://sports.163.com/18/1103/18/DVN73H8R00058780.html,武磊|郜飞机,1144
http://sports.163.com/18/1103/17/DVN2U9MU00058780.html,周挺|阻拦,1809
http://sports.163.com/18/1103/17/DVN2LCMU00058780.html,迪奥普|皮球,799
http://sports.163.com/18/1103/17/DVN17O3800058780.html,中超|恒大,3584
http://sports.163.com/18/1103/16/DVMUE53500058780.html,中超|禁区,849
http://sports.163.com/18/1103/21/DVNGM81B00058780.html,乔纳森|泰达,1913
http://sports.163.com/18/1103/21/DVNGHEVJ00058780.html,中超|苏宁,594
http://sports.163.com/18/1103/20/DVNEM8LU00058780.html,郜飞机|上港,11398
http://sports.163.com/18/1103/16/DVMVDQ9K00058780.html,若奥·卡洛斯·特谢拉|中超,53
http://sports.163.com/18/1103/16/DVMV2BV700058780.html,苏宁|华夏幸福,2
http://sports.163.com/18/1103/07/DVLV3I4900058780.html,中超|中甲,2264
http://sports.163.com/18/1102/22/DVL3ATKU00058780.html,中超|天津泰达,218
http://sports.163.com/18/1102/22/DVL3031U00058780.html,中超|贵州恒丰,194
http://sports.163.com/18/1102/22/DVL23VIT00058780.html,中超|申花,1195
http://sports.163.com/18/1102/22/DVL11QIS00058780.html,建业|泰达,1823
http://sports.163.com/18/1102/22/DVL0GKGO00058780.html,文筱婷|贵州,18802
http://sports.163.com/18/1102/21/DVKVI1IT00058780.html,中超|贵州恒丰,896
http://sports.163.com/18/1102/21/DVKU732L00058780.html,建业|上海申花队,3966
http://sports.163.com/18/1102/21/DVKU6O0K00058780.html,扎哈维|卢琳,2744
http://sports.163.com/18/1102/21/DVKU0H6L00058780.html,刘洋|吉尔,1128
http://sports.163.com/18/1102/21/DVKTI2L700058780.html,吉奥瓦尼·莫雷诺|点球,1244
http://sports.163.com/18/1102/20/DVKS7T6P00058780.html,中超|富力,1495
http://sports.163.com/18/1102/20/DVKR07G000058780.html,鲁能|河南建业,135
http://sports.163.com/18/1102/20/DVKQFGH400058780.html,中超|富力,243
http://sports.163.com/18/1102/20/DVKQC3J100058780.html,鲁能|中超,210
http://sports.163.com/18/1102/19/DVKOLDAJ00058780.html,扎哈维|张思鹏,500
http://sports.163.com/18/1102/19/DVKLR8PJ00058780.html,扎哈维|斯蒂夫,1
http://sports.163.com/18/1102/18/DVKLA90G00058780.html,武磊|上港,2504
http://sports.163.com/18/1102/18/DVKL7C8P00058780.html,于海|上港,688
http://sports.163.com/18/1102/18/DVKL3LFG00058780.html,中超|申花,0
http://sports.163.com/18/1102/18/DVKKVRI900058780.html,中超|权健,0
http://sports.163.com/18/1102/17/DVKFBLUM00058780.html,恒大队|同袍,2220
http://sports.163.com/18/1102/16/DVKE3UQ700058780.html,中超|恒大,563
http://sports.163.com/18/1102/16/DVKDD36700058780.html,中超|恒大,2806
http://sports.163.com/18/1102/16/DVKD6KQ500058780.html,中超|鲁能,101
http://sports.163.com/18/1102/22/DVL36OTM00058780.html,陈柏良|绿城,93
http://sports.163.com/18/1102/22/DVL01E4300058780.html,中超|贵州恒丰,921
http://sports.163.com/18/1102/21/DVKULTOF00058780.html,建业|贵州,5956
http://sports.163.com/18/1102/21/DVKU5RQG00058780.html,帕托|孙可,1915
http://sports.163.com/18/1102/21/DVKT6QMK00058780.html,越位|国安,879
http://sports.163.com/18/1102/21/DVKSN7QB00058780.html,国安|巴西,233
http://sports.163.com/18/1102/19/DVKOS03800058780.html,国安|权健,2431
http://sports.163.com/18/1102/17/DVKFQFTG00058780.html,中超|大连,31
http://sports.163.com/18/1102/10/DVJOJ0KH00058780.html,扎哈维|富力,46
http://sports.163.com/18/1102/09/DVJLJPL500058780.html,上港|中超,4847
http://sports.163.com/18/1102/09/DVJK3R1M00058780.html,李霄鹏|迭戈·塔尔德利,368
http://sports.163.com/18/1102/08/DVJIFR4P00058780.html,施密特|张稀哲,29
http://sports.163.com/18/1102/08/DVJGF48500058780.html,恒大|上港,2980
http://sports.163.com/18/1101/21/DVICJO5I00058780.html,中超|贵州恒丰,76
http://sports.163.com/18/1101/21/DVIBE7MN00058780.html,吴金贵|国青,192
http://sports.163.com/18/1101/19/DVI41A8200058780.html,中超|建业,63
http://sports.163.com/18/1101/17/DVHUVB2B00058780.html,中超|富力,991
http://sports.163.com/18/1101/19/DVI4795J00058780.html,中超|鲁能,39
http://sports.163.com/18/1101/16/DVHRRQMM00058780.html,张贤秀|韩国,5252
http://sports.163.com/18/1101/14/DVHKSTOD00058780.html,张耀坤|武汉卓尔,279
http://sports.163.com/18/1101/14/DVHI60OB00058780.html,中超|帕托,1064
http://sports.163.com/18/1101/12/DVHEGS3F00058780.html,李霄鹏|鲁能,94
http://sports.163.com/18/1101/11/DVH8LHAI00058780.html,巴坎布|国安,27
http://sports.163.com/18/1101/11/DVH7TK2I00058780.html,上港|恒大,4662
http://sports.163.com/18/1101/10/DVH6RKEQ00058780.html,盐城|中乙,607
http://sports.163.com/18/1101/10/DVH5PC5800058780.html,扎哈维|上港,2434
http://sports.163.com/18/1101/09/DVH1BPVV00058780.html,恒大|上港,886
http://sports.163.com/18/1101/07/DVGT8A1D00058780.html,张修维|何超,2540
http://sports.163.com/18/1101/07/DVGSPU6300058780.html,恒大|上港,6162
http://sports.163.com/18/1101/07/DVGSAO8J00058780.html,国安|李明,803
http://sports.163.com/18/1101/07/DVGS1KTO00058780.html,特鲁西埃|世界杯,5931
http://sports.163.com/18/1101/07/DVGRCU2I00058780.html,塔尔德利|足协,3175
http://sports.163.com/18/1031/20/DVFNHD4B00058780.html,索里亚诺|沙特,187
http://sports.163.com/18/1031/16/DVF6IS4M00058780.html,鲁能|足协,2243
http://sports.163.com/18/1031/15/DVF6G5M600058780.html,迭戈·塔尔德利·马丁斯|庄重,12415
http://sports.163.com/18/1031/22/DVFREUG400058780.html,中超|泰达,68
http://sports.163.com/18/1031/21/DVFQN4G700058780.html,国安|谣传,100
http://sports.163.com/18/1031/21/DVFOF7TE00058780.html,中超|足协,2008
http://sports.163.com/18/1031/13/DVEVITJ700058780.html,李霄鹏|李铁,665
http://sports.163.com/18/1031/11/DVEMP2S200058780.html,建业|卡兰加,221
http://sports.163.com/18/1031/11/DVEM4M8P00058780.html,马明宇|中甲,219
http://sports.163.com/18/1031/10/DVELBL9100058780.html,崔康熙|全北现代,316
http://sports.163.com/18/1031/08/DVEBCD0B00058780.html,里皮|国足,553
http://sports.163.com/18/1031/07/DVEATKFQ00058780.html,上港|恒大,681
http://sports.163.com/18/1031/07/DVEA9VB300058780.html,武磊|恒大,2786
http://sports.163.com/18/1031/07/DVE9KE7N00058780.html,卡帅|郑龙,175
http://sports.163.com/18/1031/07/DVE9BUDP00058780.html,金庸|刘永灼,784
http://sports.163.com/18/1031/07/DVE89OGN00058780.html,巴洛迪尼|保利尼奥,490
http://sports.163.com/18/1030/16/DVCN46AG00058780.html,票源|恒大队,3063
http://sports.163.com/18/1030/19/DVD1491I00058780.html,扎哈维|中国,146
http://sports.163.com/18/1030/19/DVCVU34L00058780.html,中超|外援,6890
http://sports.163.com/18/1030/19/DVCV8EK600058780.html,崔康熙|国安,71
http://sports.163.com/18/1030/19/DVCV2VIL00058780.html,荣昊|恒大,2740
http://sports.163.com/18/1030/17/DVCQ9G7200058780.html,武磊|易建联,2880
http://sports.163.com/18/1030/13/DVCBBR3700058780.html,里皮|国足,7605
http://sports.163.com/18/1030/12/DVC9669K00058780.html,中性化|国安,786
http://sports.163.com/18/1030/10/DVC1M68300058780.html,恒大|中超,1200
http://sports.163.com/18/1030/10/DVBVJNAQ00058780.html,日本足球|塔吉克足球,1508
http://sports.163.com/18/1030/09/DVBUGFH100058780.html,出血|建业,1075
http://sports.163.com/18/1030/07/DVBNQ57E00058780.html,亚洲杯|马宁,852
http://sports.163.com/18/1030/07/DVBNB5CC00058780.html,瓜林|上海申花队,398
http://sports.163.com/18/1030/07/DVBMSGRV00058780.html,束昱辉|亚历山大·帕托,553
http://sports.163.com/18/1030/07/DVBMISJ900058780.html,里皮|亚洲杯,182
http://sports.163.com/18/1029/17/DVA7SLNQ00058780.html,建业|手术,3094
http://sports.163.com/18/1029/09/DV9AF26900058780.html,张成林|恒大,699
http://sports.163.com/18/1029/08/DV99MTE600058780.html,国安|亚冠,1186
http://sports.163.com/18/1029/08/DV98TJ5400058780.html,中国足球|中超,765
http://sports.163.com/18/1029/08/DV98HM8500058780.html,大连一方|万达,2496
http://sports.163.com/18/1029/07/DV95JSBI00058780.html,武磊|上港,3838
http://sports.163.com/18/1029/07/DV956M6500058780.html,于汉超|上港,2172
http://sports.163.com/18/1029/07/DV94U33R00058780.html,深足|绿城,140
http://sports.163.com/18/1029/07/DV94Q46L00058780.html,施密特|建业,125
http://sports.163.com/18/1029/07/DV94H7KL00058780.html,卡纳瓦罗|恒大,1343
http://sports.163.com/18/1029/07/DV940Q7S00058780.html,武磊|恒大,7859
http://sports.163.com/18/1028/23/DV87V6CL00058780.html,武磊|金靴,1518
http://sports.163.com/18/1028/22/DV85G5TQ00058780.html,李霄鹏|鲁能,1504
http://sports.163.com/18/1028/22/DV85B58Q00058780.html,武磊|上港,1982
http://sports.163.com/18/1028/21/DV82DVV500058780.html,武磊|G.派利,16099
http://sports.163.com/18/1028/21/DV80OHUV00058780.html,奥斯卡多斯桑托斯|塔神,765
http://sports.163.com/18/1028/20/DV7V821300058780.html,武磊|上港,2543
http://sports.163.com/18/1028/20/DV7US9AA00058780.html,武磊|奥斯卡多斯桑托斯,969
http://sports.163.com/18/1028/20/DV7TNE5U00058780.html,武磊|胡尔克,2402
http://sports.163.com/18/1028/19/DV7T196S00058780.html,武磊|皮球,4865
http://sports.163.com/18/1028/19/DV7PS6RH00058780.html,G.派利|胡尔克,287
http://sports.163.com/18/1028/17/DV7LGDES00058780.html,泰达|上海申花队,357
http://sports.163.com/18/1028/17/DV7KLT9T00058780.html,泰达|上海申花队,2422
http://sports.163.com/18/1028/17/DV7KAKEG00058780.html,李帅|上海申花队,1262
http://sports.163.com/18/1028/22/DV84B2L100058780.html,国安|建业,2985
http://sports.163.com/18/1028/21/DV83HLBJ00058780.html,武磊|胡尔克,8536
http://sports.163.com/18/1028/21/DV83FL4P00058780.html,中超|申花,1814
http://sports.163.com/18/1028/21/DV835DJ600058780.html,武磊|点球,8226
http://sports.163.com/18/1028/21/DV82EO2T00058780.html,卡兰加|杜长杰,3263
http://sports.163.com/18/1028/21/DV80JB6100058780.html,武磊|上港,350
http://sports.163.com/18/1028/20/DV7UIKV400058780.html,建业|国安,415
http://sports.163.com/18/1028/19/DV7SIQ3P00058780.html,武磊|皮球,874
http://sports.163.com/18/1028/19/DV7PLM9T00058780.html,比埃拉|韦世豪,105
http://sports.163.com/18/1028/17/DV7LMQGA00058780.html,贵州|恒大,512
http://sports.163.com/18/1028/17/DV7K0NTD00058780.html,塔利斯卡|于汉超,7818
http://sports.163.com/18/1028/17/DV7J5JRK00058780.html,卡帅|塔利斯卡,3679
http://sports.163.com/18/1028/16/DV7I54BF00058780.html,郑智|恒大,2215
http://sports.163.com/18/1028/16/DV7HVNEK00058780.html,于汉超|郜林,1087
http://sports.163.com/18/1028/16/DV7GE6UG00058780.html,曾诚|布冯,4722
http://sports.163.com/18/1028/16/DV7G548600058780.html,张成林|恒大,3121
http://sports.163.com/18/1028/15/DV7EUVTT00058780.html,曾诚|恒大,1011
http://sports.163.com/18/1028/14/DV7ASGMJ00058780.html,耶拉维奇|塔利斯卡,257
http://sports.163.com/18/1028/14/DV7A0I5V00058780.html,恒大|塔利斯卡,2745
http://sports.163.com/18/1028/12/DV71ON3F00058780.html,科尔曼|董学升,328
http://sports.163.com/18/1028/11/DV6VQHAV00058780.html,施密特|巴坎布,428
http://sports.163.com/18/1027/22/DV5KO2IS00058780.html,中超|富力,269
http://sports.163.com/18/1027/22/DV5JC4E100058780.html,亚历山大·帕托|斯帅,289
http://sports.163.com/18/1027/22/DV5J6N5400058780.html,赵旭日|海贼王,770
http://sports.163.com/18/1027/22/DV5I4DNK00058780.html,中超|权健,1065
http://sports.163.com/18/1027/21/DV5GRDLE00058780.html,华夏|国足,651
http://sports.163.com/18/1027/21/DV5FSBR900058780.html,董学升|拉维奇,2523
http://sports.163.com/18/1027/21/DV5FL2D100058780.html,c罗|姜至鹏,745
http://sports.163.com/18/1027/21/DV5F430500058780.html,中超|帕托,827
http://sports.163.com/18/1027/20/DV5DC0NC00058780.html,陕西|中国,1693
http://sports.163.com/18/1027/20/DV5C2B5A00058780.html,上港|鲁能,249
http://sports.163.com/18/1027/20/DV5B46D700058780.html,中超|富力,270
http://sports.163.com/18/1027/20/DV5ATG4D00058780.html,里亚斯科斯|华夏幸福,166
http://sports.163.com/18/1027/19/DV5AKUP700058780.html,中超|权健,720
http://sports.163.com/18/1027/18/DV56AEQM00058780.html,G.派利|胡尔克,232
http://sports.163.com/18/1027/18/DV5685VB00058780.html,埃德尔|上港,185
http://sports.163.com/18/1027/18/DV561RAC00058780.html,足协|苏宁,84
http://sports.163.com/18/1027/18/DV55ABHQ00058780.html,若奥·卡洛斯·特谢拉|奥拉罗,71
http://sports.163.com/18/1027/17/DV52Q37700058780.html,中超|亚泰,1693
http://sports.163.com/18/1027/17/DV51UUCM00058780.html,中超|亚泰,1851
http://sports.163.com/18/1027/17/DV51OQ5R00058780.html,埃德尔|雷纳托·奥古斯托,789
http://sports.163.com/18/1027/17/DV50O19500058780.html,中超|亚泰,508
http://sports.163.com/18/1027/16/DV4VF35300058780.html,恒大队|恒丰,352
http://sports.163.com/18/1027/16/DV4UAF9400058780.html,苏宁|埃德尔,721
http://sports.163.com/18/1027/16/DV4TUAG400058780.html,世界杯|苏克,37
http://sports.163.com/18/1027/15/DV4RT78800058780.html,中超|上港,355
http://sports.163.com/18/1027/21/DV5H0RHK00058780.html,中超|帕托,633
http://sports.163.com/18/1027/21/DV5FOVDJ00058780.html,中超|权健,4021
http://sports.163.com/18/1027/20/DV5E22B300058780.html,扎哈维|广州富力,146
http://sports.163.com/18/1027/20/DV5DHBNV00058780.html,王雷|李宵鹏,489
http://sports.163.com/18/1027/15/DV4SAFAT00058780.html,中超|重庆,501
http://sports.163.com/18/1027/10/DV4BDPBT00058780.html,舒斯特尔|中超,35
http://sports.163.com/18/1027/10/DV4A30PT00058780.html,拉维奇|科尔曼,35
http://sports.163.com/18/1027/10/DV4960R100058780.html,苏宁|汪嵩,124
http://sports.163.com/18/1027/07/DV40T5CD00058781.html,塔利斯卡|本菲卡队,9471
http://sports.163.com/18/1026/18/DV2IA4IV00058780.html,许家印|恒大队,10752
http://sports.163.com/18/1026/10/DV1NKMA300058780.html,中超|华夏幸福,23
http://sports.163.com/18/1026/21/DV2UQ7J700058780.html,亚青赛|国青,4844
http://sports.163.com/18/1026/21/DV2TGHF900058780.html,王霜|国足,597
http://sports.163.com/18/1026/19/DV2M0EJ800058780.html,王健林|大连,2070
http://sports.163.com/18/1026/17/DV2GR70T00058780.html,里皮|恒大,2367
http://sports.163.com/18/1026/16/DV2AT81600058780.html,路易斯|王刚,79
http://sports.163.com/18/1026/15/DV2ACI9400058780.html,国足|恒大,3353
http://sports.163.com/18/1026/15/DV28K89Q00058780.html,苏宁|中超,25
http://sports.163.com/18/1026/14/DV262BQ900058780.html,鲁能|足协,64
http://sports.163.com/18/1026/12/DV1SS77300058780.html,张凌峰|苏宁,25
http://sports.163.com/18/1026/09/DV1KO5GG00058780.html,塔尔德利|奥斯卡,375
http://sports.163.com/18/1026/08/DV1FNDHT00058780.html,迭戈·塔尔德利·马丁斯|鲁能,582
http://sports.163.com/18/1023/18/DUQQJM8F00058780.html,围殴|拳击,1274
http://sports.163.com/18/1025/17/DUVU724H00058780.html,格德斯|鲁能,1093
http://sports.163.com/18/1025/17/DUVSNVA000058780.html,李霄鹏|崔康熙,1339
http://sports.163.com/18/1025/14/DUVK366U00058780.html,中乙|恒大,1245
http://sports.163.com/18/1025/14/DUVJR37A00058780.html,张修维|郑智,2444
http://sports.163.com/18/1025/12/DUVCE5SQ00058780.html,希丁克|中国足协,1090
http://sports.163.com/18/1025/12/DUVC6CL400058780.html,中超|武汉卓尔,290
http://sports.163.com/18/1025/12/DUVB8JIB00058780.html,贵州|恒大,1291
http://sports.163.com/18/1025/12/DUVAQ1JB00058780.html,中超|拉维奇,1183
http://sports.163.com/18/1025/10/DUV3J0RE00058780.html,恒大|上港,2023
http://sports.163.com/18/1025/07/DUURQ6DT00058780.html,李铁|中超,83
http://sports.163.com/18/1024/17/DUTA5VDS00058780.html,汪嵩|苏宁,179
http://sports.163.com/18/1024/13/DUSSCC2N00058780.html,张近东|许家印,30
http://sports.163.com/18/1024/09/DUSFN4UH00058780.html,上港|保级队,758
http://sports.163.com/18/1024/08/DUSCNU9Q00058780.html,富力|建业,618
http://sports.163.com/18/1023/17/DUQMS0NL00058780.html,恒大|中超,4594
http://sports.163.com/18/1023/08/DUPOIT8D00058780.html,中超|权健,103
http://sports.163.com/18/1023/07/DUPMRL8300058780.html,权健|束昱辉,342
http://sports.163.com/18/1022/20/DUOH31HP00058780.html,巴索戈|建业,67
http://sports.163.com/18/1022/15/DUNTTCG900058780.html,崔康熙|束昱辉,1584
http://sports.163.com/18/1022/10/DUNF2QNC00058780.html,王霜|中国,375
http://sports.163.com/18/1022/10/DUNEOT5500058780.html,青训|J联赛,675
http://sports.163.com/18/1022/09/DUNBH5MC00058780.html,恒大|塔利斯卡,1923
http://sports.163.com/18/1022/08/DUN84GQM00058780.html,上港|恒大,5954
http://sports.163.com/18/1022/08/DUN809CJ00058780.html,武磊|上港,2106
http://sports.163.com/18/1022/08/DUN7N90S00058780.html,国安|长春亚泰,266
http://sports.163.com/18/1022/08/DUN7FOE000058780.html,富力|建业,1495
http://sports.163.com/18/1022/08/DUN781RG00058780.html,恒大|上港,6310
http://sports.163.com/18/1021/22/DUM60GSP00058780.html,建业|亚泰,2615
http://sports.163.com/18/1021/21/DUM1DA4F00058780.html,卡兰加|建业,2386
http://sports.163.com/18/1021/20/DULSIMD100058780.html,施密特|比埃拉,390
http://sports.163.com/18/1021/17/DULI96UE00058780.html,冯潇霆|保利尼奥,3166
http://sports.163.com/18/1021/22/DUM4TFJ900058780.html,武磊|吕文君,10824
http://sports.163.com/18/1021/22/DUM3R54B00058780.html,奥拉罗尤|埃德尔,2435
http://sports.163.com/18/1021/22/DUM3KLSA00058780.html,王燊超|恒大,8173
http://sports.163.com/18/1021/22/DUM3AMGA00058780.html,胡尔克|上港,1921
http://sports.163.com/18/1021/21/DUM2EVQD00058780.html,恒大|上港,23060
http://sports.163.com/18/1021/21/DUM19UIB00058780.html,武磊|埃神,29869
http://sports.163.com/18/1021/21/DULVVJ6B00058780.html,武磊|c罗,856
http://sports.163.com/18/1021/20/DULTO1DU00058780.html,武磊|埃尔克森,3025
http://sports.163.com/18/1021/20/DULT6CO400058780.html,上港|苏宁,2151
http://sports.163.com/18/1021/20/DULSEH5F00058780.html,中超|埃尔克森,481
http://sports.163.com/18/1021/19/DULS5J9V00058780.html,手球|埃德尔,12592
http://sports.163.com/18/1021/18/DULO3U6M00058780.html,埃德尔|上港,455
http://sports.163.com/18/1021/18/DULLLQVD00058780.html,国安|马宁,1149
http://sports.163.com/18/1021/17/DULK3IEN00058780.html,马宁|国安,2348
http://sports.163.com/18/1021/17/DULJJ1I700058780.html,国安|亚泰,4168
http://sports.163.com/18/1021/16/DULFT2JV00058780.html,张稀哲|亚泰,884
http://sports.163.com/18/1021/14/DULAKHPU00058780.html,中超|于大宝,1
http://sports.163.com/18/1020/22/DUJK12IU00058780.html,上港|苏宁,257
http://sports.163.com/18/1020/22/DUJJSNRE00058780.html,上港|佩雷拉,976
http://sports.163.com/18/1020/22/DUJH388200058780.html,恒丰|建业,2217
http://sports.163.com/18/1020/21/DUJF4F2S00058780.html,林隆昌|博利,2922
http://sports.163.com/18/1020/21/DUJF2USS00058780.html,杨旭|上海申花队,475
http://sports.163.com/18/1020/21/DUJE2ON400058780.html,上海申花队|天津权健,582
http://sports.163.com/18/1020/21/DUJDL1H800058780.html,曹赟定|上海申花队,8
http://sports.163.com/18/1020/23/DUJKNUA700058780.html,吴金贵|上海申队,89
http://sports.163.com/18/1020/22/DUJJGGKA00058780.html,曾诚|恒大队,451
http://sports.163.com/18/1020/22/DUJIVQBF00058780.html,李霄鹏|格德斯,238
http://sports.163.com/18/1020/22/DUJIUTLM00058780.html,法比奥·卡纳瓦罗|阿尔赛纳·温格,587
http://sports.163.com/18/1020/22/DUJH82CV00058780.html,科尔曼|华夏幸福,37
http://sports.163.com/18/1020/22/DUJH0V1F00058780.html,重庆|华夏,146
http://sports.163.com/18/1020/21/DUJG1MRB00058780.html,曾诚|点球,1748
http://sports.163.com/18/1020/21/DUJF9DDR00058780.html,董学升|华夏幸福,2715
http://sports.163.com/18/1020/21/DUJF6GAH00058780.html,恒大|阿兰,9314
http://sports.163.com/18/1020/21/DUJETC4K00058780.html,格德斯|鲁能,1304
http://sports.163.com/18/1020/21/DUJE87BL00058780.html,格德斯|中超,384
http://sports.163.com/18/1020/21/DUJE52RN00058780.html,恒大|保利尼奥,7235
http://sports.163.com/18/1020/21/DUJDP4UI00058780.html,卡帅|郑龙,2518
http://sports.163.com/18/1020/21/DUJDIK6700058780.html,重庆|华夏,16
http://sports.163.com/18/1020/20/DUJDB8T400058780.html,于汉超|恒大,1612
http://sports.163.com/18/1020/20/DUJBP0S300058780.html,施密特|池忠国,6
http://sports.163.com/18/1020/20/DUJBF6M600058780.html,上港|苏宁,3868
http://sports.163.com/18/1020/20/DUJAE0O600058780.html,佩莱|王彤,297
http://sports.163.com/18/1020/20/DUJADHDL00058780.html,恒大|法比奥·卡纳瓦罗,3696
http://sports.163.com/18/1020/20/DUJA00M400058780.html,恒大|人和,652
http://sports.163.com/18/1020/19/DUJ97RMT00058780.html,郑龙|保利尼奥,1586
http://sports.163.com/18/1020/19/DUJ756R300058780.html,央视|中超,2062
http://sports.163.com/18/1020/19/DUJ6M8VB00058780.html,郑智|阿兰,31
http://sports.163.com/18/1020/18/DUJ32OMT00058780.html,绿城|延边,3081
http://sports.163.com/18/1020/14/DUIN2RC200058780.html,江苏苏宁|上港,2315
http://sports.163.com/18/1020/09/DUI50CPG00058780.html,上港|于海,1006
http://sports.163.com/18/1020/08/DUI30IFR00058780.html,任航|杨程,276
http://sports.163.com/18/1020/08/DUI2L3D000058780.html,国安|亚泰,141
http://sports.163.com/18/1019/15/DUG6TLBD00058780.html,国安|凯西,111
http://sports.163.com/18/1019/11/DUFQ9REL00058780.html,中超|恒大,2089
http://sports.163.com/18/1019/22/DUGV5IGV00058780.html,饶伟辉|恒大,277
http://sports.163.com/18/1019/20/DUGQCMHT00058780.html,卡帅|上港,660
http://sports.163.com/18/1019/20/DUGP86L000058780.html,张鹭|权健,28
http://sports.163.com/18/1019/20/DUGO90K500058780.html,吴金贵|申花,13
http://sports.163.com/18/1019/19/DUGN89ID00058780.html,贵州|中超,21
http://sports.163.com/18/1019/19/DUGL0NQ800058780.html,曾诚|国足,2842
http://sports.163.com/18/1019/19/DUGKCE7800058780.html,中国足球|希丁克,2075
http://sports.163.com/18/1019/17/DUGG6LTJ00058780.html,恒大|中超,8188
http://sports.163.com/18/1019/09/DUFITJ5900058780.html,阿尔赛纳·温格|里皮,7865
http://sports.163.com/18/1018/20/DUE6CE5P00058780.html,纪录片|中超,161
http://sports.163.com/18/1018/19/DUE4U13700058780.html,外教|足协,107
http://sports.163.com/18/1018/19/DUE4B8V800058780.html,希丁克|国奥,1402
http://sports.163.com/18/1018/19/DUE3US9500058780.html,于海|足协,546
http://sports.163.com/18/1018/19/DUE305Q200058780.html,曾诚|足协,2642
http://sports.163.com/18/1018/17/DUDSH1U400058780.html,足球|青训,3121
http://sports.163.com/18/1018/13/DUDESIK700058780.html,足协|中超,13656
http://sports.163.com/18/1018/12/DUDAAVQF00058780.html,于海|上港,1548
http://sports.163.com/18/1018/12/DUD9U78D00058780.html,中超|足协,32
http://sports.163.com/18/1018/11/DUD88ASU00058780.html,武磊|上港,740
http://sports.163.com/18/1018/11/DUD7TDP900058780.html,莫德斯特|国际足联联合会杯,34
http://sports.163.com/18/1018/08/DUCTFNIB00058780.html,买提江|泰达,9
http://sports.163.com/18/1018/07/DUCRH03I00058780.html,西班牙|上海申花队,156
http://sports.163.com/18/1017/22/DUBS7AFH00058780.html,中国足协|国际足联联合会杯,4914
http://sports.163.com/18/1017/19/DUBHNECL00058780.html,上海申花队|华裔,539
http://sports.163.com/18/1016/23/DU9D9EHI00058780.html,郜林|恒大,1079
http://sports.163.com/18/1016/21/DU95E24900058780.html,中国足协|新华社,551
http://sports.163.com/18/1016/16/DU8KJE7600058780.html,足协|中国足协,36
http://sports.163.com/18/1016/16/DU8KDQ2300058780.html,足协|中国足协,501
http://sports.163.com/18/1016/12/DU86DE3N00058780.html,中国足协|中超,964
http://sports.163.com/18/1016/09/DU7TK5BR00058780.html,胡尔克|上港,181
http://sports.163.com/18/1015/18/DU6A1DG600058780.html,武磊|加拉塔萨雷,3189
http://sports.163.com/18/1015/16/DU62EBK600058780.html,足协|中国足协,3
http://sports.163.com/18/1015/15/DU5V06QK00058780.html,"中国足协|
                            <span class=""icon"">7060</span>
                            <span class=""text"">跟帖&nbsp;7060</span>
                        ",7060
http://sports.163.com/18/1015/21/DU6ID82M00058780.html,中甲|中乙,160
http://sports.163.com/18/1015/12/DU5LT1H100058780.html,国足|集训营,2192
http://sports.163.com/18/1015/09/DU58EECE00058780.html,中国足球|彭伟国,5162
http://sports.163.com/18/1015/08/DU56GD7100058780.html,帕托|天津权健队,122
http://sports.163.com/18/1013/07/DTVVCBPH00058780.html,里皮|北大,2932
http://sports.163.com/18/1012/14/DTU3DFEV00058780.html,张玉宁|西布朗,6469
http://sports.163.com/18/1012/13/DTU0K7VM00058780.html,中国足球|中考,296
http://sports.163.com/18/1012/10/DTTN0CJT00058780.html,张呈栋|足协,3180
http://sports.163.com/18/1012/08/DTTFCRGR00058780.html,蔡振华|杜兆才,1333
http://sports.163.com/18/1011/07/DTQO4FT900058780.html,亚历山大·帕托|巴甲,595
http://sports.163.com/18/1011/22/DTSDOGDO00058780.html,郜林|国足,834
http://sports.163.com/18/1011/10/DTR2P12200058780.html,金敬道|鲁能,172
http://sports.163.com/18/1010/21/DTPO7TKL00058780.html,法比奥·卡纳瓦罗|恒大队,1779
http://sports.163.com/18/1010/19/DTPF620M00058780.html,奥斯卡多斯桑托斯|武磊,2658
http://sports.163.com/18/1010/13/DTOR59HI00058780.html,国足|足协,3557
http://sports.163.com/18/1010/09/DTODSCPB00058780.html,国足|中国足协,1115
http://sports.163.com/18/1010/09/DTODH9FN00058780.html,国足|中超,1007
http://sports.163.com/18/1010/08/DTOB6HU800058780.html,关岛|全北现代,83
http://sports.163.com/18/1010/08/DTOABE5H00058780.html,国青|韩国,529
http://sports.163.com/18/1010/07/DTO845AR00058780.html,帕托|巴西,278
http://sports.163.com/18/1010/07/DTO6K41400058780.html,中国足协|中国足球,1292
http://sports.163.com/18/1009/20/DTN2C4OE00058780.html,国足|集训队,3960
http://sports.163.com/18/1009/11/DTM2TMRH00058780.html,特种部队|国足,19980
http://sports.163.com/18/1009/10/DTLVP7CE00058780.html,恒大|塔利斯卡,2791
http://sports.163.com/18/1009/08/DTLOTVES00058780.html,崔康熙|天津权健队,552
http://sports.163.com/18/1009/08/DTLO85MV00058780.html,马拉松|国足,2931
http://sports.163.com/18/1009/07/DTLKNKUH00058780.html,孙雯|王霜,4051
http://sports.163.com/18/1009/07/DTLJIKLV00058780.html,恒大|曾诚,1437
http://sports.163.com/18/1008/22/DTKM6P1R00058780.html,金英权|恒大,140
http://sports.163.com/18/1008/17/DTK4A9SF00058780.html,中超|中甲,14765
http://sports.163.com/18/1008/17/DTK336UQ00058780.html,权健|崔康熙,387
http://sports.163.com/18/1008/17/DTK32ALL00058780.html,上港|恒大,3761
http://sports.163.com/18/1008/16/DTK0MQTE00058780.html,国足|山东,2371
http://sports.163.com/18/1008/15/DTJUV7E100058780.html,申思|上海申花队,947
http://sports.163.com/18/1008/12/DTJJN3NM00058780.html,崔康熙|天津权健,488
http://sports.163.com/18/1008/09/DTJ9SHT100058780.html,武磊|上港,910
http://sports.163.com/18/1008/09/DTJ7ICN700058780.html,施密特|于大宝,179
http://sports.163.com/18/1008/08/DTJ6RIUK00058780.html,鲁能|青超,561
http://sports.163.com/18/1008/08/DTJ6ABG000058780.html,束昱辉|天津权健队,520
http://sports.163.com/18/1007/22/DTI4ES0F00058780.html,施密特|足协,1344
http://sports.163.com/18/1007/22/DTI3HBMP00058780.html,富力|国安,361
http://sports.163.com/18/1007/21/DTHVPOGQ00058780.html,比埃拉|巴坎布,2069
http://sports.163.com/18/1007/21/DTHVF2HB00058780.html,比埃拉|雷纳托·奥古斯托,238
http://sports.163.com/18/1007/21/DTHV7NQJ00058780.html,国安|广州富力,335
http://sports.163.com/18/1007/20/DTHSVHM800058780.html,巴坎布|单刀,568
http://sports.163.com/18/1007/19/DTHNS1IK00058780.html,巴坎布|肖智,159
http://sports.163.com/18/1007/11/DTGS462G00058780.html,斯科拉里|蓝色兰博,850
http://sports.163.com/18/1007/23/DTI64C5C00058780.html,张琳芃|邓涵文,10672
http://sports.163.com/18/1007/22/DTI3N2K800058780.html,胡尔克|上港,2471
http://sports.163.com/18/1007/22/DTI3GFHG00058780.html,上港|贵州,1851
http://sports.163.com/18/1007/22/DTI371M400058780.html,奥斯卡多斯桑托斯|齐达内,1597
http://sports.163.com/18/1007/21/DTI1JLIR00058780.html,恒大|上港,4053
http://sports.163.com/18/1007/21/DTHVGOGM00058780.html,胡尔克|佩雷拉,8163
http://sports.163.com/18/1007/21/DTHUPCC700058780.html,上港|武磊,4844
http://sports.163.com/18/1007/21/DTHUDJIC00058780.html,桑巴舞|埃尔克森,2001
http://sports.163.com/18/1007/20/DTHU091900058780.html,上港|武磊,7875
http://sports.163.com/18/1007/20/DTHS7NF100058780.html,斯蒂夫|中超,2769
http://sports.163.com/18/1007/20/DTHREDME00058780.html,肖智|红牌,3414
http://sports.163.com/18/1007/20/DTHR1CT400058780.html,上港|奥斯卡,1890
http://sports.163.com/18/1007/19/DTHPK00U00058780.html,王新欣|贵州,211
http://sports.163.com/18/1007/18/DTHMELOF00058780.html,武磊|奥斯卡,302
http://sports.163.com/18/1007/12/DTH0A66K00058780.html,恒大队|上港,3623
http://sports.163.com/18/1007/09/DTGLKAF200058780.html,李铁|中超,1825
http://sports.163.com/18/1007/07/DTGH6JET00058780.html,中超|卡纳瓦罗,1957
http://sports.163.com/18/1007/03/DTG25J6B00058780.html,曾诚|恒大队,1933
http://sports.163.com/18/1006/22/DTFIH7HQ00058780.html,亚泰|泰达,155
http://sports.163.com/18/1006/21/DTFDIFFQ00058780.html,上海申花队|瓜林,949
http://sports.163.com/18/1006/21/DTFDET4I00058780.html,乔纳森|阿奇姆,391
http://sports.163.com/18/1006/09/DTE34LMD00058780.html,上港|停赛,2804
http://sports.163.com/18/1006/23/DTFLC18900058780.html,张琳芃|卡纳瓦罗,795
http://sports.163.com/18/1006/23/DTFINTPO00058780.html,武汉卓尔|亚冠,1139
http://sports.163.com/18/1006/22/DTFIEE6U00058780.html,施蒂利克|足协,38
http://sports.163.com/18/1006/22/DTFH6BIT00058780.html,巴黎|武汉卓尔,909
http://sports.163.com/18/1006/22/DTFGSO2N00058780.html,穆里奇|申鑫,510
http://sports.163.com/18/1006/22/DTFG7ERM00058780.html,中甲|中超,2461
http://sports.163.com/18/1006/22/DTFFFDCQ00058780.html,李铁|中超,3809
http://sports.163.com/18/1006/21/DTFDLI4D00058780.html,梅县|中超,5012
http://sports.163.com/18/1006/21/DTFDDJIG00058780.html,郜林|于汉超,8074
http://sports.163.com/18/1006/21/DTFCPSBI00058780.html,施密特|韦世豪,601
http://sports.163.com/18/1006/20/DTFBO3LH00058780.html,于汉超|阿兰,2431
http://sports.163.com/18/1006/20/DTF927OL00058780.html,曾诚|赵明剑,7957
http://sports.163.com/18/1006/19/DTF7AFTM00058780.html,郜林|华夏,5021
http://sports.163.com/18/1006/19/DTF5KM7M00058780.html,苏宁|帕莱塔,256
http://sports.163.com/18/1006/19/DTF5198Q00058780.html,郑智|塔利斯卡,230
http://sports.163.com/18/1006/18/DTF1OQMR00058780.html,佩雷拉|上港,2324
http://sports.163.com/18/1006/17/DTEVFI5S00058780.html,卡拉斯科|汪嵩,5203
http://sports.163.com/18/1006/17/DTEUDKJI00058780.html,顾超|弧线球,1599
http://sports.163.com/18/1006/16/DTESL2BV00058780.html,张修维|权健,599
http://sports.163.com/18/1006/16/DTERMSUO00058780.html,苏宁|大连,1904
http://sports.163.com/18/1006/15/DTEQHM4D00058780.html,秦升|卡拉斯科,944
http://sports.163.com/18/1006/15/DTENBGJJ00058780.html,卡拉斯科|特谢拉,0
http://sports.163.com/18/1006/09/DTE3FE6100058780.html,恒大队|廊坊,2696
http://sports.163.com/18/1005/22/DTCUM6H800058780.html,李霄鹏|金敬道,335
http://sports.163.com/18/1005/22/DTCU8F1K00058780.html,李玮锋|技战术,958
http://sports.163.com/18/1005/22/DTCSSISO00058780.html,鲁能|足协,516
http://sports.163.com/18/1005/21/DTCSG5IG00058780.html,建业|亚冠,990
http://sports.163.com/18/1005/21/DTCRTSG300058780.html,张修维|孙继海,2269
http://sports.163.com/18/1005/21/DTCR3Q3400058780.html,亚历山大·帕托|杨旭,2420
http://sports.163.com/18/1005/21/DTCQ9UHB00058780.html,亚历山大·帕托|郑铮,107
http://sports.163.com/18/1005/20/DTCMQGP900058780.html,塔神|迭戈·塔尔德利·马丁斯,285
http://sports.163.com/18/1005/20/DTCM2MO000058780.html,塔神|迭戈·塔尔德利·马丁斯,692
http://sports.163.com/18/1005/19/DTCLDEKL00058780.html,鲁能|侍卫,271
http://sports.163.com/18/1005/19/DTCJ7CMM00058780.html,迭戈·塔尔德利·马丁斯|亚历山大·帕托,121
http://sports.163.com/18/1005/13/DTC02KNR00058780.html,重庆|上海申花队,1707
http://sports.163.com/18/1005/11/DTBQ84OO00058780.html,扎哈维|富力,3937
http://sports.163.com/18/1005/10/DTBLO84100058780.html,保利尼奥|巴塞罗那队,4312
http://sports.163.com/18/1005/22/DTCVMM4300058780.html,曹永竞|北京人和,2
http://sports.163.com/18/1005/22/DTCVE81B00058780.html,中超|人和,112
http://sports.163.com/18/1005/21/DTCR58D500058780.html,曹永竞|建业,1275
http://sports.163.com/18/1005/21/DTCQMNQJ00058780.html,人和|建业,417
http://sports.163.com/18/1005/21/DTCPMVP400058780.html,人和|中超,558
http://sports.163.com/18/1005/20/DTCP9N0Q00058780.html,卡帅|法拉利,2703
http://sports.163.com/18/1005/20/DTCN1VNH00058780.html,克罗地亚|中超,188
http://sports.163.com/18/1005/19/DTCKHF1C00058780.html,埃德尔|特谢拉,26
http://sports.163.com/18/1005/19/DTCJKSTD00058780.html,亚洲杯|亚足联,884
http://sports.163.com/18/1005/15/DTC7491900058780.html,足协|国安,2668
http://sports.163.com/18/1005/08/DTBEDU2U00058780.html,中超|权健,2059
http://sports.163.com/18/1005/07/DTBB4SC400058780.html,中超|索萨,1000
http://sports.163.com/18/1004/19/DTA31HB000058780.html,鲁能|天津权健,172
http://sports.163.com/18/1004/08/DT8RBM0U00058780.html,中国足球|集训营,3312
http://sports.163.com/18/1004/07/DT8PGPD800058780.html,恒大队|英超,4941
http://sports.163.com/18/1004/06/DT8MLGJU00058780.html,上港|张呈栋,5677
http://sports.163.com/18/1004/13/DT9E910J00058780.html,中超|国足,7160
http://sports.163.com/18/1004/11/DT96LPKG00058780.html,中超|国足,5435
http://sports.163.com/18/1004/10/DT9437SC00058780.html,中超|权健,3198
http://sports.163.com/18/1004/09/DT8U4U0200058780.html,中超|马思纯,3651
http://sports.163.com/18/1004/08/DT8S9G5U00058780.html,中超|国足,2790
http://sports.163.com/18/1003/12/DT6LU2NF00058780.html,足协|央视,21694
http://sports.163.com/18/1003/11/DT6L45AM00058780.html,足协|国足,787
http://sports.163.com/18/1003/11/DT6JCO6H00058780.html,白岳峰|中国足协,511
http://sports.163.com/18/1003/11/DT6ILKMP00058780.html,贵州|足协,390
http://sports.163.com/18/1003/10/DT6I7B3000058780.html,张呈栋|停赛,15200
http://sports.163.com/18/1003/07/DT66376M00058780.html,国足|中国足协,1027
http://sports.163.com/18/1003/07/DT65J9L300058780.html,集训营|国足,1697
http://sports.163.com/18/1002/21/DT532QBB00058780.html,鲁能|足协,3044
http://sports.163.com/18/1002/17/DT4L7IJ600058780.html,帕托|超模,604
http://sports.163.com/18/1002/13/DT48B1IH00058780.html,塔利斯卡|上港,2487
http://sports.163.com/18/1002/11/DT415S6G00058780.html,小马哥|华夏幸福,582
http://sports.163.com/18/1002/09/DT3QDV5V00058780.html,韩鹏|鲁能,372
http://sports.163.com/18/1002/07/DT3LGCJ200058780.html,青训|足球,135
http://sports.163.com/18/1002/07/DT3IUAHB00058780.html,恒大|上港,8314
http://sports.163.com/18/1001/14/DT1OHN5700058780.html,瓦尔加|鲁能,1752
http://sports.163.com/18/1001/13/DT1N4O0000058780.html,上港|中超,633
http://sports.163.com/18/1001/08/DT15329O00058780.html,鲁能|人和,91
http://sports.163.com/18/1001/08/DT13JHMR00058780.html,索萨|天津权健队,491
http://sports.163.com/18/1001/08/DT13A5EI00058780.html,申花|中超,958
http://sports.163.com/18/1001/07/DT12U8TE00058780.html,中超|广州富力,67
http://sports.163.com/18/1001/07/DT12LKKS00058780.html,韩鹏|鲁能,270
http://sports.163.com/18/0930/22/DT039N2R00058780.html,富力|上海申花队,200
http://sports.163.com/18/0930/22/DT02O8OO00058780.html,吴金贵|上海申花队,164
http://sports.163.com/18/0930/21/DT00N66F00058780.html,泰达|耶拉维奇,986
http://sports.163.com/18/0930/21/DSVV51B100058780.html,郑凯木|白岳峰,2029
http://sports.163.com/18/0930/21/DSVV194H00058780.html,上海申花队|广州富力,847
http://sports.163.com/18/0930/20/DSVSHOPR00058780.html,贵州|瓦利,4142
http://sports.163.com/18/0930/20/DSVRGMDJ00058780.html,上海申花队|广州富力,307
http://sports.163.com/18/0930/20/DSVRB6LC00058780.html,上海申花队|广州富力,426
http://sports.163.com/18/0930/20/DSVQQQIH00058780.html,瓜林|上海申花队,398
http://sports.163.com/18/0930/19/DSVNVM9000058780.html,重庆|张鹭,2459
http://sports.163.com/18/0930/19/DSVN2TMQ00058780.html,重庆|张鹭,175
http://sports.163.com/18/0930/18/DSVLVDH400058780.html,天津权健|中超联赛,263
http://sports.163.com/18/0930/18/DSVLIPJJ00058780.html,吉奥瓦尼·莫雷诺|扎哈维,181
http://sports.163.com/18/0930/17/DSVINLTN00058780.html,重庆|费尔南多·恩里克·达·孔塞桑,980
http://sports.163.com/18/0930/16/DSVEM9S200058780.html,亚历山大·帕托|卡尔德克,1
http://sports.163.com/18/0930/22/DT031RRI00058780.html,韩鹏|塔尔德利,237
http://sports.163.com/18/0930/22/DT02RM1200058780.html,李霄鹏|韩鹏,479
http://sports.163.com/18/0930/21/DSVV8V4Q00058780.html,戴琳|吉尔,1267
http://sports.163.com/18/0930/21/DSVV3QIM00058780.html,穆坎乔|鲁能,1706
http://sports.163.com/18/0930/21/DSVU85C400058780.html,点球|鲁能,207
http://sports.163.com/18/0930/20/DSVR4H8B00058780.html,鲁能|人和,255
http://sports.163.com/18/0930/19/DSVPPO1100058780.html,足协|中超,11464
http://sports.163.com/18/0930/19/DSVN1T7D00058780.html,阿奇姆彭|斯蒂夫,7
http://sports.163.com/18/0930/19/DSVMN4O900058780.html,塔尔德利|韩鹏,10
http://sports.163.com/18/0930/17/DSVGMKIL00058780.html,莫德斯特|王永珀,440
http://sports.163.com/18/0930/16/DSVF957300058780.html,郑智|恒大,393
http://sports.163.com/18/0930/16/DSVDU3EF00058780.html,中国足协|比利时,86
http://sports.163.com/18/0929/21/DSTE3H0F00058780.html,张呈栋|马宁,7695
http://sports.163.com/18/0929/21/DSTCNADB00058780.html,比埃拉|胡尔克,27408
http://sports.163.com/18/0929/21/DSTBUBV700058780.html,中超|国安,31722
http://sports.163.com/18/0929/21/DSTBC95F00058780.html,胡尔克|皮球,2833
http://sports.163.com/18/0929/20/DST9D4J000058780.html,比埃拉|朴成,9092
http://sports.163.com/18/0929/19/DST7D82000058780.html,中超|建业,242
http://sports.163.com/18/0929/19/DST4NK7100058780.html,中超|泰达,31
http://sports.163.com/18/0929/23/DSTIRH1000058780.html,施密特|比埃拉,4108
http://sports.163.com/18/0929/22/DSTH2TDL00058780.html,冯潇霆|卡帅,424
http://sports.163.com/18/0929/22/DSTGF23M00058780.html,舒斯特尔|恒大,530
http://sports.163.com/18/0929/22/DSTG4VR000058780.html,恒大|卡帅,3569
http://sports.163.com/18/0929/21/DSTECQVA00058780.html,上港|双红会,9536
http://sports.163.com/18/0929/21/DSTCPMRL00058780.html,中超|建业,1393
http://sports.163.com/18/0929/21/DSTCJ46F00058780.html,郜林|冯潇霆,7666
http://sports.163.com/18/0929/21/DSTBTSIS00058780.html,郜林|盖坦,2350
http://sports.163.com/18/0929/21/DSTBIP0100058780.html,恒大队|冯潇霆,2358
http://sports.163.com/18/0929/21/DSTB6N2400058780.html,恒大|中超,1601
http://sports.163.com/18/0929/20/DST86GPL00058780.html,恒大|张琳芃,1501
